INSERT INTO Cadastros (nome, documento, cep, estado, cidade, endereco) VALUES
('Sr. Enzo Gabriel Mendes', '578.302.194-60', '78049-772', 'GO', 'Novaes do Norte', 'Estrada de Araújo, 74'),
('Vinicius Souza', '736.940.152-99', '14677-721', 'BA', 'Dias', 'Largo de Silveira'),
('Sr. Paulo Nunes', '719.206.358-40', '57477026', 'PI', 'da Costa de Minas', 'Trevo Carvalho, 639'),
('Dra. Bárbara Souza', '716.380.592-68', '97841-778', 'PI', 'Teixeira', 'Condomínio de da Mata, 58'),
('Dr. João Lucas Porto', '51.734.926/0001-41', '66725-716', 'PB', 'Vieira', 'Praça de Moura, 40'),
('Juan Viana', '34.859.126/0001-38', '12109645', 'MA', 'Gomes', 'Campo Jesus, 23'),
('Raul Dias', '19.752.034/0001-60', '94390991', 'PI', 'Oliveira de Aragão', 'Largo Mariane da Rocha, 9'),
('Noah Freitas', '792.615.038-02', '37324-629', 'AM', 'Silveira do Sul', 'Praça Ramos, 28'),
('Letícia Gonçalves', '507.612.834-71', '46062-052', 'AM', 'Aragão', 'Lago de da Mota, 69'),
('Srta. Ana Novaes', '340.162.879-87', '44420-703', 'CE', 'das Neves', 'Ladeira da Luz, 172'),
('Lucas Fernandes', '627.420.877-60', '86075-489', 'PR', 'Mossoró', 'Rua São Francisco, 33'),
('Maria Silva', '102.783.234-56', '62020-000', 'CE', 'Parangaba', 'Rua da Paz, 112'),
('Carlos Oliveira', '418.741.969-01', '20773-182', 'RJ', 'Madureira', 'Avenida das Américas, 500'),
('Julia Santos', '547.932.124-87', '30550-560', 'MG', 'Betim', 'Rua do Comércio, 77'),
('Fernando Costa', '254.317.682-90', '15030-100', 'SP', 'São José do Rio Preto', 'Avenida Brasil, 22'),
('Ana Carolina', '331.689.827-45', '02040-040', 'SP', 'Santana', 'Rua dos Jacarandás, 89'),
('Pedro Lima', '489.452.023-23', '61930-000', 'CE', 'São João do Tauape', 'Praça da Alegria, 21'),
('Claudia Andrade', '728.321.675-99', '48970-000', 'BA', 'São Francisco do Conde', 'Rua dos Girassóis, 10'),
('Bruno Cardoso', '629.273.340-72', '74690-210', 'GO', 'Goiânia', 'Rua da Harmonia, 95'),
('Juliana Martins', '584.702.409-80', '37012-200', 'MG', 'Varginha', 'Rua das Acácias, 34'),
('Roberto Alves', '736.942.568-10', '78150-000', 'MT', 'Cuiabá', 'Avenida do Trabalho, 18'),
('Larissa Pereira', '741.688.295-12', '58100-000', 'PB', 'Campina Grande', 'Rua Nova, 45'),
('Eduardo Silva', '517.453.328-96', '72820-020', 'DF', 'Brasília', 'Setor Norte, Bloco D, 12'),
('Mariana Oliveira', '592.345.119-54', '69301-000', 'RR', 'Boa Vista', 'Rua do Sol, 60'),
( 'Daniela Rodrigues', '471.905.773-23', '40255-000', 'BA', 'Salvador', 'Avenida das Nações, 77'),
('Thiago Souza', '621.534.990-88', '24816-200', 'RJ', 'Niterói', 'Rua São José, 88'),
('Aline Lima', '564.231.287-30', '11500-000', 'SP', 'Santos', 'Praça dos Pescadores, 54'),
('Gabriel Martins', '740.809.365-56', '59064-080', 'RN', 'Natal', 'Avenida do Mar, 33'),
('Karina Costa', '577.256.119-22', '09380-000', 'SP', 'São Bernardo do Campo', 'Rua das Flores, 91'),
('Leonardo Mendes', '672.191.464-87', '69000-000', 'AM', 'Manaus', 'Rua da Floresta, 23'),
('Cristiane Araújo', '490.709.284-62', '75000-000', 'GO', 'Anápolis', 'Rua das Palmeiras, 78'),
('Juliano Costa', '559.874.201-13', '68010-500', 'PA', 'Belém', 'Avenida Brasil, 45'),
('Tatiane Martins', '631.029.194-56', '29300-000', 'ES', 'Vitória', 'Praça do Povo, 12'),
('Rodrigo Silva', '742.458.187-99', '31340-000', 'MG', 'Contagem', 'Rua dos Jacarandás, 88'),
('Andréia Oliveira', '630.842.567-03', '60420-000', 'CE', 'Fortaleza', 'Rua da Vitória, 59'),
('Ricardo Lima', '590.637.864-10', '91220-000', 'RS', 'Porto Alegre', 'Avenida dos Estados, 44'),
('Sofia Almeida', '425.732.589-11', '86180-200', 'PR', 'Londrina', 'Rua das Flores, 101'),
('Matheus Araújo', '634.915.792-23', '57030-000', 'AL', 'Maceió', 'Rua São José, 67'),
('Rafaela Silva', '530.904.121-34', '42800-000', 'BA', 'Camaçari', 'Rua da Alegria, 12'),
('Gustavo Pereira', '598.322.998-57', '61600-000', 'CE', 'Maracanaú', 'Avenida Central, 32'),
('Júlia Carvalho', '472.790.563-09', '91300-000', 'RS', 'Porto Alegre', 'Rua da Liberdade, 8'),
('Lucas Almeida', '682.964.132-40', '13500-000', 'SP', 'São Carlos', 'Praça da República, 55'),
('Viviane Costa', '715.482.954-66', '61610-000', 'CE', 'Fortaleza', 'Rua das Acácias, 18'),
('Gabriel Souza', '522.409.684-22', '59104-200', 'RN', 'Natal', 'Rua da Paz, 90'),
('Paula Santos', '453.628.547-19', '14100-000', 'SP', 'São João da Boa Vista', 'Avenida do Comércio, 76'),
('Diego Freitas', '538.290.452-48', '14810-000', 'SP', 'Araraquara', 'Rua das Palmeiras, 67'),
('Nathália Borges', '721.474.387-29', '69800-000', 'AM', 'Manaus', 'Rua da Esperança, 23'),
('Felipe Oliveira', '402.976.144-78', '19015-000', 'SP', 'Presidente Prudente', 'Avenida São Paulo, 45'),
('Larissa Andrade', '568.743.029-60', '31750-000', 'MG', 'Belo Horizonte', 'Rua das Américas, 31'),
('Renato Lima', '676.834.275-42', '45200-000', 'BA', 'Jequié', 'Rua do Sol, 29'),
('Tatiane Costa', '451.980.453-88', '48000-000', 'BA', 'Alagoinhas', 'Avenida do Comércio, 11'),
('João Vitor Silva', '723.650.291-77', '38000-000', 'MG', 'Uberlândia', 'Rua das Acácias, 45'),
('Amanda Martins', '557.988.233-10', '54700-000', 'PE', 'Jaboatão dos Guararapes', 'Rua da Alegria, 7'),
('Rodrigo Santos', '442.938.609-92', '54100-000', 'PE', 'Olinda', 'Praça do Carmo, 4'),
('Claudia Silva', '527.369.894-43', '68400-000', 'PA', 'Santarem', 'Avenida São Francisco, 89'),
('Felipe Fernandes', '683.402.137-77', '54150-000', 'PE', 'Recife', 'Rua do Forte, 101'),
('Patrícia Almeida', '415.986.751-11', '55000-000', 'PE', 'Caruaru', 'Avenida das Palmeiras, 29'),
('Thiago Oliveira', '560.932.491-20', '60300-000', 'CE', 'Fortaleza', 'Rua do Mar, 83'),
('Giovana Lima', '682.945.739-62', '65400-000', 'MA', 'São Luís', 'Rua da Liberdade, 55'),
('Marcelo Rodrigues', '437.134.898-71', '38900-000', 'MG', 'Montes Claros', 'Praça do Povo, 66'),
('Roberta Silva', '426.560.931-09', '70300-000', 'DF', 'Brasília', 'Quadra 203, Bloco A, 34'),
('Carlos Eduardo', '471.598.209-32', '59070-000', 'RN', 'Natal', 'Rua da Alegria, 88'),
('Tatiane Rodrigues', '632.187.906-55', '51020-000', 'PE', 'Recife', 'Avenida da República, 56'),
('Ricardo Freitas', '549.227.903-77', '31000-000', 'MG', 'Belo Horizonte', 'Rua das Laranjeiras, 99'),
('Juliana Lima', '575.621.472-40', '60600-000', 'CE', 'Fortaleza', 'Rua dos Estados Unidos, 12'),
('Eduardo Martins', '478.298.374-56', '15090-000', 'SP', 'São José do Rio Preto', 'Rua das Acácias, 8'),
('Mariana Ferreira', '550.395.234-88', '60700-000', 'CE', 'Fortaleza', 'Rua da Vitória, 45'),
('Thiago Santos', '501.344.674-66', '86700-000', 'PR', 'Apucarana', 'Rua da Liberdade, 14'),
('Ana Paula Costa', '735.428.196-55', '12240-000', 'SP', 'São José dos Campos', 'Avenida São João, 39'),
( 'Gustavo Lima', '641.835.917-11', '69040-000', 'AM', 'Manaus', 'Rua do Porto, 85'),
('Rafaela Almeida', '471.649.582-22', '70350-000', 'DF', 'Brasília', 'Quadra 204, Bloco D, 77'),
( 'Vinícius Andrade', '492.748.520-11', '31910-000', 'MG', 'Belo Horizonte', 'Rua das Palmeiras, 22'),
( 'Joana Costa', '582.046.784-09', '26300-000', 'RJ', 'Nova Iguaçu', 'Avenida dos Trabalhadores, 33'),
( 'Lucas Silva', '603.291.723-00', '68900-000', 'PA', 'Macapá', 'Rua do Comércio, 17'),
( 'Fernanda Rodrigues', '556.312.123-40', '13300-000', 'SP', 'Campinas', 'Rua da Esperança, 54'),
('Marcelo Pereira', '431.734.563-44', '27600-000', 'RJ', 'Resende', 'Rua das Flores, 61'),
( 'Patrícia Oliveira', '682.107.665-22', '23500-000', 'RJ', 'Duque de Caxias', 'Avenida das Palmeiras, 85'),
('Rodrigo Santos', '551.193.493-66', '80000-000', 'PR', 'Curitiba', 'Rua das Américas, 72'),
( 'Andréia Lima', '628.492.113-90', '79000-000', 'MS', 'Campo Grande', 'Rua da Alegria, 30'),
('Eduardo Cardoso', '534.229.048-10', '93000-000', 'RS', 'São Leopoldo', 'Rua dos Jacarandás, 91'),
( 'Juliana Martins', '470.226.584-12', '89000-000', 'SC', 'Blumenau', 'Rua da Paz, 77'),
( 'Fernando Souza', '578.933.951-25', '55200-000', 'PE', 'Garanhuns', 'Avenida da Liberdade, 19'),
( 'Simone Pereira', '634.284.672-10', '53400-000', 'PE', 'Olinda', 'Rua do Sol, 65'),
( 'Mateus Almeida', '618.221.587-33', '79001-000', 'MS', 'Campo Grande', 'Rua São Paulo, 46'),
('Carla Oliveira', '452.347.214-57', '88700-000', 'SC', 'Joinville', 'Avenida dos Imigrantes, 84'),
( 'Lucas Fernandes', '501.293.567-99', '40270-000', 'BA', 'Salvador', 'Rua do Comércio, 73'),
( 'Mariana Costa', '437.301.788-22', '54150-000', 'PE', 'Recife', 'Rua das Palmeiras, 20'),
( 'Gabriel Souza', '633.672.912-44', '68800-000', 'PA', 'Belém', 'Rua da Liberdade, 43'),
( 'Larissa Lima', '531.345.201-77', '60000-000', 'CE', 'Fortaleza', 'Rua São Vicente, 28'),
( 'Thiago Ferreira', '611.280.178-66', '62000-000', 'CE', 'Juazeiro do Norte', 'Rua das Acácias, 11'),
( 'Marcio Rodrigues', '482.967.212-11', '50100-000', 'PE', 'Recife', 'Rua da Vitória, 53'),
( 'Amanda Silva', '540.367.820-30', '38100-000', 'MG', 'Contagem', 'Rua da Harmonia, 12'),
( 'Diego Almeida', '473.839.964-57', '75500-000', 'GO', 'Goiânia', 'Rua das Flores, 46'),
( 'Claudia Lima', '560.129.761-99', '30550-000', 'MG', 'Betim', 'Avenida do Comércio, 62'),
( 'Jéssica Santos', '598.334.170-88', '38000-000', 'MG', 'Uberlândia', 'Rua da Alegria, 54'),
( 'Rodrigo Almeida', '627.908.832-11', '60300-000', 'CE', 'Fortaleza', 'Rua dos Girassóis, 48'),
( 'Letícia Costa', '472.914.563-20', '29200-000', 'ES', 'Vitória', 'Rua do Porto, 93'),
( 'Fabio Martins', '551.407.978-88', '29300-000', 'ES', 'Vila Velha', 'Rua dos Jacarandás, 71'),
( 'Camila Almeida', '618.293.601-90', '69000-000', 'AM', 'Manaus', 'Rua das Flores, 12'),
( 'Carlos Lima', '434.542.279-22', '68700-000', 'PA', 'Marabá', 'Avenida das Nações, 98');

INSERT INTO tags (titulo) VALUES
('Conta a Pagar'),
('Conta a Receber'),
('Despesas fixas'),
('Receitas futuras'),
('Receitas recorrentes'),
('Pagamentos pendentes'),
('Pagamentos realizados'),
('Empréstimos a pagar'),
('Despesas variáveis'),
('Empréstimos a receber');

INSERT INTO categorias (titulo) VALUES
('Parcelado'),
('Abertas'),
('Vencimento imediato'),
('Pago'),
('Em atraso'),
('Em processamento'),
('Aprovada'),
('Cancelada'),
('Recorrente'),
('Pendente de pagamento');


INSERT INTO cadastros_tags (cadastro_id, tags_id) VALUES
(1, 8),(2, 5),(3, 7),(4, 1),(5, 10),
(6, 7),(7, 4),(8, 10),(9, 10),(10, 2),
(11, 6),(12, 9),(13, 9),(14, 10),(15, 5),
(16, 4),(17, 3),(18, 6),(19, 1),(20, 4),
(21, 7),(22, 8),(23, 2),(24, 10),(25, 2),
(26, 3),(27, 4),(28, 5),(29, 9),(30, 9),
(31, 1),(32, 4),(33, 6),(34, 2),(35, 9),
(36, 8),(37, 3),(38, 10),(39, 7),(40, 2),
(41, 1),(42, 10),(43, 8),(44, 1),(45, 2),
(46, 3),(47, 5),(48, 6),(49, 10),(50, 5),
(51, 2),(52, 4),(53, 9),(54, 5),(55, 5),
(56, 4),(57, 7),(58, 4),(59, 3),(60, 8),
(61, 8),(62, 6),(63, 1),(64, 3),(65, 1),
(66, 8),(67, 4),(68, 5),(69, 6),(70, 10),
(71, 7),(72, 1),(73, 1),(74, 3),(75, 4),
(76, 2),(77, 6),(78, 7),(79, 6),(80, 7),
(81, 2),(82, 9),(83, 5),(84, 10),(85, 2),
(86, 8),(87, 5),(88, 7),(89, 3),(90, 10),
(91, 7),(92, 3),(93, 2),(94, 9),(95, 8),
(96, 7),(97, 9),(98, 3),(99, 5),(100, 2);


INSERT INTO lancamentos (tipo, status, descricao, valor, valor_liquidado, vencimento, liquidacao, cadastro_id, categorias_id)
VALUES
('Conta a Pagar', 'Parcelado', 'Descrição 1', '899.27', '899.10', '2024-02-01', NULL, '71', '9'),
('Conta a Receber', 'Abertas', 'Descrição 2', '871.51', '871.51', '2024-11-07', 2024-11-07, '79', '4'),
('Conta a Receber', 'Pago', 'Descrição 3', '451.65', '451.65', '2024-07-14', 2024-07-14, '61', '5'),
('Conta a Receber', 'Vencimento Imediato', 'Descrição 4', '980.45', '980.45', '2024-03-13', 2024-03-13, '25', '9'),
('Conta a Pagar', 'Abertas', 'Descrição 5', '646.15', '482.43', '2024-04-12', NULL, '28', '8'),
('Conta a Receber', 'Pago', 'Descrição 6', '637.47', '294.41', '2024-07-12', NULL, '15', '8'),
('Conta a Pagar', 'Abertas', 'Descrição 7', '858.96', '858.96', '2024-12-05', 2024-12-05, '79', '10'),
('Conta a Receber', 'Parcelado', 'Descrição 8', '339.81', '339.81', '2024-08-01', 2024-08-01, '35', '7'),
('Conta a Receber', 'Abertas', 'Descrição 9', '542.07', '542.07', '2024-08-20', 2024-08-20, '49', '3'),
('Conta a Receber', 'Pago', 'Descrição 10', '517.93', '517.93', '2024-08-29', 2024-08-29, '22', '5'),
('Conta a Receber', 'Abertas', 'Descrição 11', '511.20', '511.20', '2024-01-20', 2024-01-20, '42', '2'),
('Conta a Receber', 'Recorrente', 'Descrição 12', '596.10', '53.95', '2024-01-26', NULL, '81', '4'),
('Conta a Pagar', 'Em atraso', 'Descrição 13', '314.17', '314.17', '2024-07-30', 2024-07-30, '69', '3'),
('Conta a Receber', 'Pago', 'Descrição 14', '162.54', '74.35', '2024-05-13', NULL, '81', '4'),
('Conta a Receber', 'Recorrente', 'Descrição 15', '316.98', '285.18', '2024-10-03', NULL, '42', '1'),
('Conta a Receber', 'Abertas', 'Descrição 16', '208.91', '208.91', '2024-06-25', 2024-06-25, '89', '2'),
('Conta a Pagar', 'Pendente de pagamento', 'Descrição 17', '872.41', '18.24', '2024-12-05', NULL, '56', '8'),
('Conta a Pagar', 'Pago', 'Descrição 18', '909.04', '256.46', '2024-10-30', NULL, '31', '1'),
('Conta a Pagar', 'Em atraso', 'Descrição 19', '636.29', '636.29', '2024-09-12', 2024-09-12, '27', '1'),
('Conta a Pagar', 'Pendente de pagamento', 'Descrição 20', '180.21', '97.45', '2024-12-23', NULL, '94', '4'),
('Conta a Pagar', 'Vencimento Imediato', 'Descrição 21', '184.12', '184.12', '2024-05-02', 2024-05-02, '80', '6'),
('Conta a Receber', 'Pendente de pagamento', 'Descrição 22', '267.23', '132.40', '2024-07-27', NULL, '84', '9'),
('Conta a Pagar', 'Vencimento Imediato', 'Descrição 23', '657.18', '657.18', '2024-10-26', 2024-10-26, '40', '6'),
('Conta a Receber', 'Pago', 'Descrição 24', '172.59', '103.34', '2024-12-03', NULL, '34', '4'),
('Conta a Pagar', 'Em atraso', 'Descrição 25', '590.78', '168.55', '2024-10-01', NULL, '87', '8'),
('Conta a Pagar', 'Pago', 'Descrição 26', '719.83', '719.83', '2024-02-08', 2024-02-08, '3', '5'),
('Conta a Receber', 'Em atraso', 'Descrição 27', '246.69', '7.48', '2024-03-06', NULL, '68', '1'),
('Conta a Pagar', 'Recorrente', 'Descrição 28', '159.68', '159.68', '2024-12-13', 2024-12-13, '53', '3'),
('Conta a Pagar', 'Pago', 'Descrição 29', '609.24', '609.24', '2024-08-28', 2024-08-28, '82', '8'),
('Conta a Receber', 'Vencimento Imediato', 'Descrição 30', '248.20', '248.20', '2024-05-24', 2024-05-24, '29', '1'),
('Conta a Pagar', 'Recorrente', 'Descrição 31', '832.38', '832.38', '2024-04-04', 2024-04-04, '87', '2'),
('Conta a Pagar', 'Pendente de pagamento', 'Descrição 32', '195.88', '195.88', '2024-09-02', 2024-09-02, '94', '7'),
('Conta a Pagar', 'Pago', 'Descrição 33', '739.29', '739.29', '2024-02-27', 2024-02-27, '94', '7'),
('Conta a Receber', 'Recorrente', 'Descrição 34', '105.29', '105.29', '2024-04-18', 2024-04-18, '72', '6'),
('Conta a Receber', 'Vencimento Imediato', 'Descrição 35', '681.82', '681.82', '2024-11-07', 2024-11-07, '46', '9'),
('Conta a Receber', 'Pendente de pagamento', 'Descrição 36', '454.07', '454.07', '2024-04-19', 2024-04-19, '52', '10'),
('Conta a Pagar', 'Pendente de pagamento', 'Descrição 37', '645.11', '592.09', '2024-05-25', NULL, '73', '2'),
('Conta a Receber', 'Vencimento Imediato', 'Descrição 38', '302.70', '302.70', '2024-04-30', 2024-04-30, '37', '10'),
('Conta a Pagar', 'Em atraso', 'Descrição 39', '506.66', '137.96', '2024-01-27', NULL, '36', '3'),
('Conta a Pagar', 'Em atraso', 'Descrição 40', '816.15', '816.15', '2024-12-23', 2024-12-23, '79', '2'),
('Conta a Receber', 'Pendente de pagamento', 'Descrição 41', '824.03', '824.03', '2024-01-17', 2024-01-17, '30', '9'),
('Conta a Receber', 'Recorrente', 'Descrição 42', '550.01', '170.01', '2024-03-24', NULL, '65', '9'),
('Conta a Pagar', 'Abertas', 'Descrição 43', '617.17', '220.19', '2024-04-30', NULL, '48', '7'),
('Conta a Pagar', 'Abertas', 'Descrição 44', '276.96', '276.96', '2024-09-24', 2024-09-24, '37', '6'),
('Conta a Pagar', 'Parcelado', 'Descrição 45', '954.75', '954.75', '2024-08-24', 2024-08-24, '3', '9'),
('Conta a Receber', 'Pendente de pagamento', 'Descrição 46', '788.15', '31.48', '2024-08-29', NULL, '2', '7'),
('Conta a Pagar', 'Abertas', 'Descrição 47', '837.16', '762.34', '2024-12-23', NULL, '88', '3'),
('Conta a Receber', 'Pendente de pagamento', 'Descrição 48', '937.79', '937.79', '2024-08-09', 2024-08-09, '96', '6'),
('Conta a Receber', 'Parcelado', 'Descrição 49', '474.75', '228.97', '2024-11-03', NULL, '46', '5'),
('Conta a Pagar', 'Abertas', 'Descrição 50', '975.47', '160.04', '2024-11-12', NULL, '12', '7'),
('Conta a Pagar', 'Em atraso', 'Descrição 51', '575.44', '575.44', '2024-12-14', 2024-12-14, '23', '9'),
('Conta a Receber', 'Recorrente', 'Descrição 52', '954.94', '729.49', '2024-11-21', NULL, '44', '3'),
('Conta a Receber', 'Pendente de pagamento', 'Descrição 53', '936.51', '936.51', '2024-12-25', 2024-12-25, '43', '9'),
('Conta a Pagar', 'Abertas', 'Descrição 54', '886.05', '886.05', '2024-01-05', 2024-01-05, '27', '6'),
('Conta a Receber', 'Pago', 'Descrição 55', '380.35', '231.95', '2024-07-05', NULL, '9', '1'),
('Conta a Pagar', 'Pago', 'Descrição 56', '242.16', '173.57', '2024-08-08', NULL, '14', '2'),
('Conta a Pagar', 'Pago', 'Descrição 57', '231.69', '152.99', '2024-06-07', NULL, '51', '10'),
('Conta a Receber', 'Parcelado', 'Descrição 58', '860.48', '739.68', '2024-04-01', NULL, '2', '1'),
('Conta a Receber', 'Pendente de pagamento', 'Descrição 59', '988.98', '988.98', '2024-07-10', 2024-07-10, '71', '7'),
('Conta a Receber', 'Abertas', 'Descrição 60', '816.18', '816.18', '2024-03-14', 2024-03-14, '34', '2'),
('Conta a Receber', 'Parcelado', 'Descrição 61', '351.62', '351.62', '2024-12-10', 2024-12-10, '47', '2'),
('Conta a Pagar', 'Em atraso', 'Descrição 62', '285.56', '186.92', '2024-02-22', NULL, '97', '6'),
('Conta a Pagar', 'Em atraso', 'Descrição 63', '367.32', '367.32', '2024-01-03', 2024-01-03, '12', '9'),
('Conta a Pagar', 'Pendente de pagamento', 'Descrição 64', '764.40', '353.66', '2024-06-19', NULL, '45', '5'),
('Conta a Pagar', 'Pendente de pagamento', 'Descrição 65', '698.47', '698.47', '2024-06-29', 2024-06-29, '75', '3'),
('Conta a Pagar', 'Vencimento Imediato', 'Descrição 66', '830.40', '830.40', '2024-01-03', 2024-01-03, '82', '1'),
('Conta a Pagar', 'Vencimento Imediato', 'Descrição 67', '165.59', '149.45', '2024-04-10', NULL, '12', '7'),
('Conta a Receber', 'Vencimento Imediato', 'Descrição 68', '352.75', '82.06', '2024-08-25', NULL, '62', '3'),
('Conta a Pagar', 'Parcelado', 'Descrição 69', '237.99', '237.99', '2024-04-04', 2024-04-04, '29', '10'),
('Conta a Receber', 'Parcelado', 'Descrição 70', '508.57', '508.57', '2024-06-09', 2024-06-09, '79', '9'),
('Conta a Pagar', 'Parcelado', 'Descrição 71', '629.27', '629.27', '2024-08-27', 2024-08-27, '76', '5'),
('Conta a Receber', 'Recorrente', 'Descrição 72', '868.25', '868.25', '2024-10-07', 2024-10-07, '44', '2'),
('Conta a Receber', 'Recorrente', 'Descrição 73', '117.29', '0.12', '2024-07-06', NULL, '58', '3'),
('Conta a Pagar', 'Abertas', 'Descrição 74', '405.01', '405.01', '2024-10-04', 2024-10-04, '13', '5'),
('Conta a Pagar', 'Abertas', 'Descrição 75', '978.94', '978.94', '2024-11-02', 2024-11-02, '76', '3'),
('Conta a Pagar', 'Vencimento Imediato', 'Descrição 76', '668.61', '245.54', '2024-05-17', NULL, '55', '3'),
('Conta a Pagar', 'Recorrente', 'Descrição 77', '135.75', '135.75', '2024-01-11', 2024-01-11, '4', '9'),
('Conta a Receber', 'Recorrente', 'Descrição 78', '737.48', '737.48', '2024-06-09', 2024-06-09, '30', '7'),
('Conta a Receber', 'Pago', 'Descrição 79', '478.44', '48.27', '2024-03-02', NULL, '99', '7'),
('Conta a Pagar', 'Em atraso', 'Descrição 80', '560.50', '560.50', '2024-04-08', 2024-04-08, '43', '3'),
('Conta a Pagar', 'Pago', 'Descrição 81', '584.72', '18.95', '2024-01-20', NULL, '39', '1'),
('Conta a Pagar', 'Em atraso', 'Descrição 82', '950.80', '950.80', '2024-07-23', 2024-07-23, '17', '8'),
('Conta a Pagar', 'Recorrente', 'Descrição 83', '673.95', '673.95', '2024-01-12', 2024-01-12, '83', '10'),
('Conta a Receber', 'Pago', 'Descrição 84', '470.43', '470.43', '2024-05-06', 2024-05-06, '44', '7'),
('Conta a Receber', 'Pago', 'Descrição 85', '565.41', '67.64', '2024-07-29', NULL, '37', '9'),
('Conta a Receber', 'Em atraso', 'Descrição 86', '922.51', '922.51', '2024-03-19', 2024-03-19, '67', '8'),
('Conta a Receber', 'Vencimento Imediato', 'Descrição 87', '580.69', '554.99', '2024-03-08', NULL, '48', '8'),
('Conta a Pagar', 'Abertas', 'Descrição 88', '310.38', '310.38', '2024-10-28', 2024-10-28, '30', '4'),
('Conta a Receber', 'Abertas', 'Descrição 89', '304.77', '29.42', '2024-06-29', NULL, '32', '2'),
('Conta a Pagar', 'Pago', 'Descrição 90', '529.86', '213.97', '2024-08-16', NULL, '25', '10'),
('Conta a Pagar', 'Abertas', 'Descrição 91', '829.46', '251.90', '2024-09-16', NULL, '42', '10'),
('Conta a Receber', 'Pendente de pagamento', 'Descrição 92', '587.12', '339.28', '2024-12-31', NULL, '64', '10'),
('Conta a Receber', 'Abertas', 'Descrição 93', '728.15', '728.15', '2024-12-26', 2024-12-26, '59', '4'),
('Conta a Pagar', 'Parcelado', 'Descrição 94', '483.57', '117.70', '2024-05-07', NULL, '20', '3'),
('Conta a Receber', 'Pendente de pagamento', 'Descrição 95', '101.10', '101.10', '2024-06-22', 2024-06-22, '21', '4'),
('Conta a Receber', 'Recorrente', 'Descrição 96', '475.41', '147.96', '2024-10-16', NULL, '47', '10'),
('Conta a Receber', 'Em atraso', 'Descrição 97', '368.37', '361.44', '2024-11-10', NULL, '11', '5'),
('Conta a Receber', 'Pago', 'Descrição 98', '627.40', '554.27', '2024-04-10', NULL, '84', '1'),
('Conta a Pagar', 'Em atraso', 'Descrição 99', '301.95', '210.58', '2024-01-13', NULL, '9', '3'),
('Conta a Pagar', 'Pago', 'Descrição 100', '192.27', '192.27', '2024-04-06', 2024-04-06, '5', '5'),
('Conta a Receber', 'Pendente de pagamento', 'Descrição 101', '255.74', '255.74', '2024-11-04', 2024-11-04, '61', '1'),
('Conta a Pagar', 'Pendente de pagamento', 'Descrição 102', '801.78', '673.35', '2024-08-30', NULL, '5', '10'),
('Conta a Receber', 'Abertas', 'Descrição 103', '802.77', '802.77', '2024-11-16', 2024-11-16, '5', '5'),
('Conta a Pagar', 'Recorrente', 'Descrição 104', '752.05', '582.79', '2024-08-25', NULL, '94', '9'),
('Conta a Receber', 'Em atraso', 'Descrição 105', '844.86', '498.12', '2024-05-07', NULL, '18', '10'),
('Conta a Pagar', 'Pendente de pagamento', 'Descrição 106', '865.68', '514.45', '2024-04-09', NULL, '61', '6'),
('Conta a Pagar', 'Abertas', 'Descrição 107', '317.07', '317.07', '2024-02-13', 2024-02-13, '32', '7'),
('Conta a Receber', 'Em atraso', 'Descrição 108', '902.98', '902.98', '2024-08-26', 2024-08-26, '12', '6'),
('Conta a Pagar', 'Parcelado', 'Descrição 109', '612.23', '612.23', '2024-01-25', 2024-01-25, '25', '7'),
('Conta a Pagar', 'Em atraso', 'Descrição 110', '152.10', '152.10', '2024-08-24', 2024-08-24, '91', '9'),
('Conta a Receber', 'Vencimento Imediato', 'Descrição 111', '903.32', '167.35', '2024-01-31', NULL, '91', '6'),
('Conta a Receber', 'Parcelado', 'Descrição 112', '213.24', '213.24', '2024-04-11', 2024-04-11, '89', '2'),
('Conta a Receber', 'Em atraso', 'Descrição 113', '258.06', '258.06', '2024-08-20', 2024-08-20, '16', '5'),
('Conta a Receber', 'Pago', 'Descrição 114', '201.69', '58.96', '2024-11-04', NULL, '35', '3'),
('Conta a Receber', 'Abertas', 'Descrição 115', '613.46', '358.48', '2024-06-06', NULL, '71', '7'),
('Conta a Pagar', 'Pendente de pagamento', 'Descrição 116', '914.08', '675.27', '2024-06-02', NULL, '43', '3'),
('Conta a Receber', 'Em atraso', 'Descrição 117', '185.43', '185.43', '2024-06-04', 2024-06-04, '72', '6'),
('Conta a Receber', 'Pago', 'Descrição 118', '518.49', '107.44', '2024-05-26', NULL, '35', '8'),
('Conta a Receber', 'Recorrente', 'Descrição 119', '223.94', '161.94', '2024-10-29', NULL, '35', '6'),
('Conta a Receber', 'Vencimento Imediato', 'Descrição 120', '368.87', '368.87', '2024-07-20', 2024-07-20, '17', '7'),
('Conta a Receber', 'Pendente de pagamento', 'Descrição 121', '858.30', '858.30', '2024-04-03', 2024-04-03, '16', '8'),
('Conta a Pagar', 'Pago', 'Descrição 122', '722.57', '95.10', '2024-05-29', NULL, '61', '8'),
('Conta a Pagar', 'Em atraso', 'Descrição 123', '987.08', '987.08', '2024-10-02', 2024-10-02, '94', '10'),
('Conta a Pagar', 'Pendente de pagamento', 'Descrição 124', '255.29', '238.25', '2024-08-18', NULL, '86', '2'),
('Conta a Pagar', 'Recorrente', 'Descrição 125', '369.70', '369.70', '2024-10-20', 2024-10-20, '46', '8'),
('Conta a Receber', 'Pendente de pagamento', 'Descrição 126', '973.38', '973.38', '2024-11-07', 2024-11-07, '82', '9'),
('Conta a Receber', 'Parcelado', 'Descrição 127', '708.99', '72.26', '2024-01-10', NULL, '95', '7'),
('Conta a Pagar', 'Pago', 'Descrição 128', '226.46', '226.46', '2024-10-10', 2024-10-10, '31', '6'),
('Conta a Receber', 'Abertas', 'Descrição 129', '569.21', '569.21', '2024-11-04', 2024-11-04, '88', '8'),
('Conta a Pagar', 'Abertas', 'Descrição 130', '990.28', '930.39', '2024-04-07', NULL, '76', '5'),
('Conta a Receber', 'Pendente de pagamento', 'Descrição 131', '272.89', '272.89', '2024-02-18', 2024-02-18, '70', '1'),
('Conta a Receber', 'Recorrente', 'Descrição 132', '977.85', '977.85', '2024-02-18', 2024-02-18, '52', '8'),
('Conta a Pagar', 'Vencimento Imediato', 'Descrição 133', '577.96', '577.96', '2024-08-21', 2024-08-21, '70', '3'),
('Conta a Pagar', 'Pago', 'Descrição 134', '104.78', '104.03', '2024-12-06', NULL, '95', '8'),
('Conta a Receber', 'Abertas', 'Descrição 135', '565.35', '565.35', '2024-06-20', 2024-06-20, '7', '9'),
('Conta a Receber', 'Em atraso', 'Descrição 136', '226.22', '176.82', '2024-03-08', NULL, '53', '6'),
('Conta a Receber', 'Recorrente', 'Descrição 137', '884.03', '9.67', '2024-10-19', NULL, '22', '7'),
('Conta a Receber', 'Em atraso', 'Descrição 138', '431.91', '378.55', '2024-09-17', NULL, '20', '8'),
('Conta a Pagar', 'Recorrente', 'Descrição 139', '324.36', '324.36', '2024-03-25', 2024-03-25, '9', '8'),
('Conta a Receber', 'Pendente de pagamento', 'Descrição 140', '794.23', '424.13', '2024-05-26', NULL, '13', '7'),
('Conta a Receber', 'Pago', 'Descrição 141', '665.75', '185.88', '2024-01-03', NULL, '42', '2'),
('Conta a Pagar', 'Parcelado', 'Descrição 142', '843.95', '843.95', '2024-04-11', 2024-04-11, '8', '10'),
('Conta a Pagar', 'Parcelado', 'Descrição 143', '395.79', '225.37', '2024-07-20', NULL, '36', '3'),
('Conta a Receber', 'Pendente de pagamento', 'Descrição 144', '783.43', '783.43', '2024-09-21', 2024-09-21, '62', '5'),
('Conta a Pagar', 'Abertas', 'Descrição 145', '974.71', '974.71', '2024-10-09', 2024-10-09, '81', '3'),
('Conta a Pagar', 'Pago', 'Descrição 146', '989.58', '342.94', '2024-05-03', NULL, '62', '8'),
('Conta a Receber', 'Pago', 'Descrição 147', '368.12', '368.12', '2024-05-13', 2024-05-13, '69', '4'),
('Conta a Receber', 'Parcelado', 'Descrição 148', '936.75', '704.68', '2024-06-17', NULL, '77', '8'),
('Conta a Pagar', 'Vencimento Imediato', 'Descrição 149', '870.72', '736.71', '2024-11-10', NULL, '4', '8'),
('Conta a Pagar', 'Em atraso', 'Descrição 150', '409.50', '248.55', '2024-10-03', NULL, '50', '9'),
('Conta a Receber', 'Parcelado', 'Descrição 151', '945.70', '945.70', '2024-07-24', 2024-07-24, '47', '7'),
('Conta a Pagar', 'Recorrente', 'Descrição 152', '316.21', '316.21', '2024-10-15', 2024-10-15, '18', '7'),
('Conta a Pagar', 'Pago', 'Descrição 153', '665.41', '665.41', '2024-11-10', 2024-11-10, '23', '4'),
('Conta a Pagar', 'Pendente de pagamento', 'Descrição 154', '913.98', '913.98', '2024-06-21', 2024-06-21, '93', '4'),
('Conta a Pagar', 'Pendente de pagamento', 'Descrição 155', '998.25', '385.22', '2024-07-31', NULL, '7', '9'),
('Conta a Pagar', 'Pendente de pagamento', 'Descrição 156', '463.45', '463.45', '2024-06-16', 2024-06-16, '87', '1'),
('Conta a Pagar', 'Vencimento Imediato', 'Descrição 157', '696.34', '175.96', '2024-07-16', NULL, '14', '6'),
('Conta a Receber', 'Pago', 'Descrição 158', '468.48', '235.45', '2024-12-08', NULL, '13', '5'),
('Conta a Receber', 'Abertas', 'Descrição 159', '579.83', '579.83', '2024-12-19', 2024-12-19, '67', '6'),
('Conta a Receber', 'Parcelado', 'Descrição 160', '379.13', '379.13', '2024-04-04', 2024-04-04, '22', '3'),
('Conta a Receber', 'Pago', 'Descrição 161', '526.99', '526.99', '2024-11-15', 2024-11-15, '17', '8'),
('Conta a Pagar', 'Pendente de pagamento', 'Descrição 162', '864.60', '864.60', '2024-04-03', 2024-04-03, '21', '5'),
('Conta a Receber', 'Parcelado', 'Descrição 163', '343.30', '168.77', '2024-09-22', NULL, '93', '8'),
('Conta a Receber', 'Recorrente', 'Descrição 164', '657.76', '613.03', '2024-03-07', NULL, '71', '4'),
('Conta a Receber', 'Vencimento Imediato', 'Descrição 165', '978.68', '800.45', '2024-03-12', NULL, '20', '2'),
('Conta a Pagar', 'Em atraso', 'Descrição 166', '279.97', '279.97', '2024-11-21', 2024-11-21, '8', '7'),
('Conta a Pagar', 'Parcelado', 'Descrição 167', '103.40', '103.40', '2024-10-13', 2024-10-13, '15', '3'),
('Conta a Receber', 'Vencimento Imediato', 'Descrição 168', '261.21', '261.21', '2024-09-19', 2024-09-19, '65', '8'),
('Conta a Pagar', 'Abertas', 'Descrição 169', '810.77', '794.68', '2024-11-24', NULL, '74', '8'),
('Conta a Pagar', 'Abertas', 'Descrição 170', '534.12', '534.12', '2024-07-20', 2024-07-20, '8', '6'),
('Conta a Pagar', 'Pendente de pagamento', 'Descrição 171', '308.17', '308.17', '2024-08-03', 2024-08-03, '11', '1'),
('Conta a Receber', 'Pendente de pagamento', 'Descrição 172', '843.49', '615.18', '2024-07-10', NULL, '72', '10'),
('Conta a Pagar', 'Pendente de pagamento', 'Descrição 173', '577.01', '577.01', '2024-04-13', 2024-04-13, '69', '3'),
('Conta a Pagar', 'Em atraso', 'Descrição 174', '789.17', '14.53', '2024-07-16', NULL, '9', '7'),
('Conta a Pagar', 'Pendente de pagamento', 'Descrição 175', '204.63', '204.63', '2024-09-30', 2024-09-30, '57', '2'),
('Conta a Receber', 'Pendente de pagamento', 'Descrição 176', '877.40', '598.93', '2024-07-23', NULL, '19', '7'),
('Conta a Receber', 'Parcelado', 'Descrição 177', '129.55', '129.55', '2024-08-09', 2024-08-09, '69', '6'),
('Conta a Pagar', 'Pago', 'Descrição 178', '655.58', '479.25', '2024-01-29', NULL, '50', '4'),
('Conta a Pagar', 'Recorrente', 'Descrição 179', '215.37', '215.37', '2024-08-17', 2024-08-17, '8', '4'),
('Conta a Pagar', 'Parcelado', 'Descrição 180', '332.12', '332.12', '2024-02-22', 2024-02-22, '80', '8'),
('Conta a Receber', 'Recorrente', 'Descrição 181', '156.57', '156.57', '2024-05-08', 2024-05-08, '71', '3'),
('Conta a Receber', 'Pendente de pagamento', 'Descrição 182', '493.72', '201.81', '2024-07-29', NULL, '92', '10'),
('Conta a Pagar', 'Abertas', 'Descrição 183', '585.14', '215.83', '2024-08-22', NULL, '18', '10'),
('Conta a Pagar', 'Pago', 'Descrição 184', '467.98', '467.98', '2024-11-23', 2024-11-23, '24', '6'),
('Conta a Pagar', 'Abertas', 'Descrição 185', '380.42', '380.42', '2024-02-23', 2024-02-23, '14', '10'),
('Conta a Pagar', 'Em atraso', 'Descrição 186', '914.40', '369.64', '2024-05-01', NULL, '1', '10'),
('Conta a Pagar', 'Vencimento Imediato', 'Descrição 187', '667.72', '322.72', '2024-03-22', NULL, '18', '10'),
('Conta a Receber', 'Parcelado', 'Descrição 188', '640.16', '640.16', '2024-06-02', 2024-06-02, '61', '10'),
('Conta a Pagar', 'Recorrente', 'Descrição 189', '982.66', '982.66', '2024-07-28', 2024-07-28, '22', '7'),
('Conta a Pagar', 'Em atraso', 'Descrição 190', '680.16', '680.16', '2024-05-03', 2024-05-03, '94', '10'),
('Conta a Receber', 'Em atraso', 'Descrição 191', '868.88', '868.88', '2024-09-03', 2024-09-03, '57', '8'),
('Conta a Receber', 'Em atraso', 'Descrição 192', '819.05', '819.05', '2024-09-02', 2024-09-02, '60', '5'),
('Conta a Receber', 'Abertas', 'Descrição 193', '176.76', '117.66', '2024-05-25', NULL, '6', '10'),
('Conta a Pagar', 'Abertas', 'Descrição 194', '266.42', '122.55', '2024-01-21', NULL, '79', '4'),
('Conta a Receber', 'Parcelado', 'Descrição 195', '886.44', '886.44', '2024-05-06', 2024-05-06, '29', '6'),
('Conta a Receber', 'Abertas', 'Descrição 196', '526.95', '526.95', '2024-04-28', 2024-04-28, '54', '7'),
('Conta a Pagar', 'Recorrente', 'Descrição 197', '829.30', '619.76', '2024-11-05', NULL, '78', '5'),
('Conta a Receber', 'Pago', 'Descrição 198', '854.73', '854.73', '2024-02-09', 2024-02-09, '20', '6'),
('Conta a Receber', 'Recorrente', 'Descrição 199', '566.66', '343.17', '2024-11-08', NULL, '65', '5'),
('Conta a Receber', 'Abertas', 'Descrição 200', '173.28', '78.48', '2024-01-15', NULL, '36', '5'),
('Conta a Pagar', 'Pago', 'Descrição 201', '100.64', '100.64', '2024-12-15', 2024-12-15, '21', '10'),
('Conta a Pagar', 'Vencimento Imediato', 'Descrição 202', '120.14', '120.14', '2024-01-30', 2024-01-30, '57', '4'),
('Conta a Receber', 'Em atraso', 'Descrição 203', '511.35', '465.65', '2024-07-04', NULL, '85', '1'),
('Conta a Receber', 'Pendente de pagamento', 'Descrição 204', '386.04', '336.40', '2024-07-05', NULL, '55', '4'),
('Conta a Receber', 'Vencimento Imediato', 'Descrição 205', '930.17', '291.81', '2024-07-04', NULL, '83', '7'),
('Conta a Receber', 'Recorrente', 'Descrição 206', '917.12', '917.12', '2024-10-26', 2024-10-26, '40', '5'),
('Conta a Receber', 'Recorrente', 'Descrição 207', '620.27', '620.27', '2024-03-23', 2024-03-23, '7', '4'),
('Conta a Pagar', 'Vencimento Imediato', 'Descrição 208', '863.50', '863.50', '2024-09-18', 2024-09-18, '6', '2'),
('Conta a Pagar', 'Vencimento Imediato', 'Descrição 209', '433.67', '433.67', '2024-01-08', 2024-01-08, '28', '7'),
('Conta a Receber', 'Vencimento Imediato', 'Descrição 210', '133.37', '24.82', '2024-09-20', NULL, '81', '4'),
('Conta a Pagar', 'Em atraso', 'Descrição 211', '910.51', '910.51', '2024-01-02', 2024-01-02, '48', '5'),
('Conta a Pagar', 'Parcelado', 'Descrição 212', '940.77', '940.77', '2024-06-24', 2024-06-24, '12', '8'),
('Conta a Pagar', 'Recorrente', 'Descrição 213', '599.08', '599.08', '2024-12-24', 2024-12-24, '31', '7'),
('Conta a Pagar', 'Pago', 'Descrição 214', '393.45', '165.32', '2024-04-29', NULL, '59', '7'),
('Conta a Pagar', 'Vencimento Imediato', 'Descrição 215', '462.29', '462.29', '2024-05-21', 2024-05-21, '74', '9'),
('Conta a Pagar', 'Parcelado', 'Descrição 216', '400.53', '300.67', '2024-07-20', NULL, '45', '10'),
('Conta a Receber', 'Vencimento Imediato', 'Descrição 217', '647.92', '523.38', '2024-12-03', NULL, '92', '9'),
('Conta a Receber', 'Vencimento Imediato', 'Descrição 218', '563.31', '274.60', '2024-02-24', NULL, '33', '4'),
('Conta a Pagar', 'Recorrente', 'Descrição 219', '375.78', '336.27', '2024-11-07', NULL, '94', '4'),
('Conta a Pagar', 'Abertas', 'Descrição 220', '742.40', '742.40', '2024-10-01', 2024-10-01, '61', '5'),
('Conta a Pagar', 'Abertas', 'Descrição 221', '508.94', '508.94', '2024-12-22', 2024-12-22, '61', '6'),
('Conta a Pagar', 'Vencimento Imediato', 'Descrição 222', '444.88', '444.88', '2024-02-03', 2024-02-03, '63', '6'),
('Conta a Pagar', 'Pago', 'Descrição 223', '968.71', '968.71', '2024-07-13', 2024-07-13, '31', '2'),
('Conta a Pagar', 'Parcelado', 'Descrição 224', '542.30', '542.30', '2024-01-09', 2024-01-09, '41', '4'),
('Conta a Receber', 'Pago', 'Descrição 225', '207.36', '188.14', '2024-12-29', NULL, '57', '8'),
('Conta a Receber', 'Recorrente', 'Descrição 226', '434.25', '392.90', '2024-01-25', NULL, '3', '6'),
('Conta a Receber', 'Parcelado', 'Descrição 227', '839.01', '675.38', '2024-10-14', NULL, '83', '6'),
('Conta a Pagar', 'Em atraso', 'Descrição 228', '821.31', '821.31', '2024-04-22', 2024-04-22, '19', '5'),
('Conta a Receber', 'Em atraso', 'Descrição 229', '350.44', '350.44', '2024-10-07', 2024-10-07, '20', '2'),
('Conta a Pagar', 'Parcelado', 'Descrição 230', '805.46', '805.46', '2024-04-08', 2024-04-08, '14', '3'),
('Conta a Receber', 'Parcelado', 'Descrição 231', '102.63', '72.07', '2024-09-16', NULL, '1', '5'),
('Conta a Receber', 'Pago', 'Descrição 232', '513.87', '19.51', '2024-02-27', NULL, '47', '6'),
('Conta a Pagar', 'Em atraso', 'Descrição 233', '483.44', '248.08', '2024-02-16', NULL, '36', '5'),
('Conta a Pagar', 'Abertas', 'Descrição 234', '742.09', '433.70', '2024-08-28', NULL, '41', '4'),
('Conta a Pagar', 'Pendente de pagamento', 'Descrição 235', '485.35', '485.35', '2024-01-06', 2024-01-06, '61', '1'),
('Conta a Pagar', 'Recorrente', 'Descrição 236', '692.05', '692.05', '2024-01-27', 2024-01-27, '78', '2'),
('Conta a Receber', 'Abertas', 'Descrição 237', '954.48', '135.02', '2024-12-29', NULL, '74', '6'),
('Conta a Receber', 'Pendente de pagamento', 'Descrição 238', '869.87', '869.87', '2024-10-19', 2024-10-19, '61', '4'),
('Conta a Receber', 'Recorrente', 'Descrição 239', '192.78', '169.34', '2024-05-28', NULL, '37', '3'),
('Conta a Receber', 'Em atraso', 'Descrição 240', '497.45', '497.45', '2024-01-09', 2024-01-09, '44', '8'),
('Conta a Receber', 'Em atraso', 'Descrição 241', '229.45', '115.10', '2024-03-06', NULL, '99', '7'),
('Conta a Receber', 'Vencimento Imediato', 'Descrição 242', '697.24', '697.24', '2024-01-23', 2024-01-23, '85', '5'),
('Conta a Receber', 'Pago', 'Descrição 243', '908.98', '908.98', '2024-12-04', 2024-12-04, '83', '1'),
('Conta a Pagar', 'Pago', 'Descrição 244', '750.66', '750.66', '2024-08-26', 2024-08-26, '12', '8'),
('Conta a Receber', 'Pago', 'Descrição 245', '977.75', '977.75', '2024-04-22', 2024-04-22, '86', '8'),
('Conta a Pagar', 'Parcelado', 'Descrição 246', '307.25', '37.26', '2024-02-15', NULL, '7', '6'),
('Conta a Pagar', 'Recorrente', 'Descrição 247', '239.83', '239.83', '2024-02-23', 2024-02-23, '45', '10'),
('Conta a Receber', 'Abertas', 'Descrição 248', '617.70', '617.70', '2024-06-16', 2024-06-16, '6', '2'),
('Conta a Pagar', 'Pendente de pagamento', 'Descrição 249', '106.16', '54.64', '2024-10-19', NULL, '43', '2'),
('Conta a Receber', 'Parcelado', 'Descrição 250', '682.80', '535.00', '2024-02-20', NULL, '14', '9'),
('Conta a Pagar', 'Em atraso', 'Descrição 251', '661.12', '38.39', '2024-09-01', NULL, '57', '2'),
('Conta a Receber', 'Vencimento Imediato', 'Descrição 252', '931.39', '931.39', '2024-01-28', 2024-01-28, '49', '9'),
('Conta a Receber', 'Em atraso', 'Descrição 253', '713.21', '115.08', '2024-09-23', NULL, '44', '8'),
('Conta a Receber', 'Em atraso', 'Descrição 254', '212.59', '9.18', '2024-05-06', NULL, '75', '9'),
('Conta a Pagar', 'Pago', 'Descrição 255', '495.00', '495.00', '2024-09-08', 2024-09-08, '22', '5'),
('Conta a Pagar', 'Em atraso', 'Descrição 256', '121.09', '81.73', '2024-12-11', NULL, '16', '8'),
('Conta a Receber', 'Parcelado', 'Descrição 257', '160.83', '124.37', '2024-03-17', NULL, '1', '5'),
('Conta a Pagar', 'Abertas', 'Descrição 258', '437.28', '100.54', '2024-12-19', NULL, '27', '6'),
('Conta a Pagar', 'Em atraso', 'Descrição 259', '413.55', '413.55', '2024-03-07', 2024-03-07, '87', '9'),
('Conta a Receber', 'Vencimento Imediato', 'Descrição 260', '744.81', '584.05', '2024-06-20', NULL, '13', '10'),
('Conta a Receber', 'Pago', 'Descrição 261', '827.70', '33.68', '2024-08-08', NULL, '29', '2'),
('Conta a Pagar', 'Pago', 'Descrição 262', '823.48', '823.48', '2024-01-19', 2024-01-19, '97', '9'),
('Conta a Pagar', 'Parcelado', 'Descrição 263', '935.62', '935.62', '2024-01-23', 2024-01-23, '47', '4'),
('Conta a Pagar', 'Em atraso', 'Descrição 264', '752.27', '154.28', '2024-06-02', NULL, '37', '6'),
('Conta a Receber', 'Recorrente', 'Descrição 265', '123.20', '4.75', '2024-01-21', NULL, '78', '10'),
('Conta a Receber', 'Em atraso', 'Descrição 266', '820.52', '820.52', '2024-06-14', 2024-06-14, '31', '6'),
('Conta a Pagar', 'Recorrente', 'Descrição 267', '215.99', '215.99', '2024-07-15', 2024-07-15, '25', '2'),
('Conta a Receber', 'Recorrente', 'Descrição 268', '288.60', '261.06', '2024-03-13', NULL, '83', '7'),
('Conta a Receber', 'Parcelado', 'Descrição 269', '663.75', '573.50', '2024-07-25', NULL, '17', '5'),
('Conta a Receber', 'Pendente de pagamento', 'Descrição 270', '581.93', '581.93', '2024-11-22', 2024-11-22, '96', '7'),
('Conta a Receber', 'Recorrente', 'Descrição 271', '972.49', '575.34', '2024-11-30', NULL, '99', '9'),
('Conta a Receber', 'Pendente de pagamento', 'Descrição 272', '449.48', '449.48', '2024-06-05', 2024-06-05, '38', '9'),
('Conta a Pagar', 'Vencimento Imediato', 'Descrição 273', '198.48', '94.96', '2024-07-21', NULL, '29', '2'),
('Conta a Pagar', 'Em atraso', 'Descrição 274', '995.37', '995.37', '2024-08-13', 2024-08-13, '56', '6'),
('Conta a Pagar', 'Em atraso', 'Descrição 275', '761.44', '440.91', '2024-08-07', NULL, '50', '4'),
('Conta a Pagar', 'Em atraso', 'Descrição 276', '996.46', '996.46', '2024-05-25', 2024-05-25, '32', '3'),
('Conta a Pagar', 'Em atraso', 'Descrição 277', '206.73', '164.05', '2024-08-20', NULL, '1', '2'),
('Conta a Pagar', 'Em atraso', 'Descrição 278', '974.80', '974.80', '2024-06-07', 2024-06-07, '78', '6'),
('Conta a Receber', 'Vencimento Imediato', 'Descrição 279', '583.27', '253.78', '2024-12-31', NULL, '57', '7'),
('Conta a Pagar', 'Pago', 'Descrição 280', '255.44', '251.35', '2024-11-08', NULL, '61', '1'),
('Conta a Pagar', 'Em atraso', 'Descrição 281', '614.89', '614.89', '2024-10-31', 2024-10-31, '56', '9'),
('Conta a Receber', 'Parcelado', 'Descrição 282', '957.73', '322.76', '2024-02-24', NULL, '69', '3'),
('Conta a Pagar', 'Pendente de pagamento', 'Descrição 283', '262.25', '134.79', '2024-02-20', NULL, '22', '1'),
('Conta a Pagar', 'Pendente de pagamento', 'Descrição 284', '280.57', '280.57', '2024-06-01', 2024-06-01, '56', '2'),
('Conta a Receber', 'Parcelado', 'Descrição 285', '347.67', '347.67', '2024-10-28', 2024-10-28, '42', '4'),
('Conta a Pagar', 'Em atraso', 'Descrição 286', '863.78', '863.78', '2024-01-24', 2024-01-24, '65', '7'),
('Conta a Receber', 'Abertas', 'Descrição 287', '667.94', '667.94', '2024-12-08', 2024-12-08, '63', '5'),
('Conta a Receber', 'Recorrente', 'Descrição 288', '172.16', '172.16', '2024-06-17', 2024-06-17, '54', '9'),
('Conta a Pagar', 'Abertas', 'Descrição 289', '246.63', '246.63', '2024-12-14', 2024-12-14, '7', '3'),
('Conta a Receber', 'Em atraso', 'Descrição 290', '299.74', '299.74', '2024-07-19', 2024-07-19, '74', '7'),
('Conta a Pagar', 'Pendente de pagamento', 'Descrição 291', '720.32', '129.36', '2024-06-09', NULL, '85', '3'),
('Conta a Pagar', 'Abertas', 'Descrição 292', '490.95', '307.11', '2024-08-27', NULL, '94', '2'),
('Conta a Receber', 'Recorrente', 'Descrição 293', '656.03', '656.03', '2024-11-11', 2024-11-11, '26', '7'),
('Conta a Pagar', 'Parcelado', 'Descrição 294', '490.73', '490.73', '2024-08-27', 2024-08-27, '21', '5'),
('Conta a Receber', 'Pago', 'Descrição 295', '624.45', '624.45', '2024-04-02', 2024-04-02, '91', '1'),
('Conta a Receber', 'Parcelado', 'Descrição 296', '835.17', '835.17', '2024-08-03', 2024-08-03, '82', '4'),
('Conta a Receber', 'Abertas', 'Descrição 297', '162.13', '115.47', '2024-09-05', NULL, '71', '1'),
('Conta a Receber', 'Em atraso', 'Descrição 298', '870.37', '870.37', '2024-08-14', 2024-08-14, '23', '4'),
('Conta a Receber', 'Abertas', 'Descrição 299', '498.98', '498.98', '2024-04-17', 2024-04-17, '39', '1'),
('Conta a Receber', 'Pendente de pagamento', 'Descrição 300', '497.25', '103.57', '2024-12-09', NULL, '32', '3'),
('Conta a Receber', 'Vencimento Imediato', 'Descrição 301', '413.84', '413.84', '2024-04-17', 2024-04-17, '31', '4'),
('Conta a Receber', 'Parcelado', 'Descrição 302', '588.86', '588.86', '2024-03-06', 2024-03-06, '68', '9'),
('Conta a Pagar', 'Parcelado', 'Descrição 303', '612.09', '612.09', '2024-11-21', 2024-11-21, '4', '9'),
('Conta a Receber', 'Pendente de pagamento', 'Descrição 304', '570.86', '486.12', '2024-11-03', NULL, '41', '10'),
('Conta a Receber', 'Abertas', 'Descrição 305', '298.43', '298.43', '2024-08-30', 2024-08-30, '49', '9'),
('Conta a Pagar', 'Vencimento Imediato', 'Descrição 306', '544.37', '536.95', '2024-10-02', NULL, '7', '8'),
('Conta a Pagar', 'Pendente de pagamento', 'Descrição 307', '129.31', '87.66', '2024-05-06', NULL, '58', '8'),
('Conta a Receber', 'Em atraso', 'Descrição 308', '467.83', '437.36', '2024-11-10', NULL, '85', '6'),
('Conta a Receber', 'Vencimento Imediato', 'Descrição 309', '123.73', '50.24', '2024-03-05', NULL, '61', '6'),
('Conta a Receber', 'Em atraso', 'Descrição 310', '879.55', '879.55', '2024-12-07', 2024-12-07, '27', '6'),
('Conta a Receber', 'Pago', 'Descrição 311', '488.49', '288.40', '2024-06-14', NULL, '7', '6'),
('Conta a Pagar', 'Pendente de pagamento', 'Descrição 312', '216.82', '14.20', '2024-12-13', NULL, '78', '10'),
('Conta a Receber', 'Vencimento Imediato', 'Descrição 313', '396.31', '193.52', '2024-04-22', NULL, '37', '8'),
('Conta a Pagar', 'Pago', 'Descrição 314', '732.64', '732.64', '2024-01-22', 2024-01-22, '65', '5'),
('Conta a Pagar', 'Parcelado', 'Descrição 315', '483.71', '483.71', '2024-01-08', 2024-01-08, '41', '8'),
('Conta a Receber', 'Pago', 'Descrição 316', '111.74', '111.74', '2024-11-06', 2024-11-06, '11', '7'),
('Conta a Pagar', 'Em atraso', 'Descrição 317', '111.30', '111.30', '2024-08-18', 2024-08-18, '72', '9'),
('Conta a Receber', 'Vencimento Imediato', 'Descrição 318', '590.56', '193.67', '2024-09-05', NULL, '42', '8'),
('Conta a Receber', 'Em atraso', 'Descrição 319', '284.29', '241.93', '2024-02-02', NULL, '35', '7'),
('Conta a Receber', 'Abertas', 'Descrição 320', '375.42', '46.41', '2024-06-22', NULL, '23', '7'),
('Conta a Pagar', 'Recorrente', 'Descrição 321', '102.41', '40.15', '2024-03-11', NULL, '16', '2'),
('Conta a Receber', 'Em atraso', 'Descrição 322', '734.83', '734.83', '2024-10-12', 2024-10-12, '91', '8'),
('Conta a Receber', 'Em atraso', 'Descrição 323', '750.75', '229.02', '2024-04-08', NULL, '7', '6'),
('Conta a Receber', 'Abertas', 'Descrição 324', '895.37', '895.37', '2024-06-24', 2024-06-24, '12', '7'),
('Conta a Receber', 'Em atraso', 'Descrição 325', '762.49', '762.49', '2024-02-06', 2024-02-06, '66', '7'),
('Conta a Pagar', 'Recorrente', 'Descrição 326', '105.23', '105.23', '2024-07-01', 2024-07-01, '62', '8'),
('Conta a Pagar', 'Parcelado', 'Descrição 327', '871.68', '871.68', '2024-02-13', 2024-02-13, '90', '5'),
('Conta a Pagar', 'Pendente de pagamento', 'Descrição 328', '391.23', '23.04', '2024-06-19', NULL, '96', '8'),
('Conta a Receber', 'Pendente de pagamento', 'Descrição 329', '591.93', '591.93', '2024-08-25', 2024-08-25, '73', '10'),
('Conta a Pagar', 'Em atraso', 'Descrição 330', '219.13', '219.13', '2024-04-01', 2024-04-01, '28', '3'),
('Conta a Pagar', 'Parcelado', 'Descrição 331', '366.95', '366.95', '2024-06-29', 2024-06-29, '72', '2'),
('Conta a Pagar', 'Parcelado', 'Descrição 332', '747.21', '747.21', '2024-10-02', 2024-10-02, '81', '6'),
('Conta a Receber', 'Pendente de pagamento', 'Descrição 333', '269.44', '269.44', '2024-07-25', 2024-07-25, '48', '1'),
('Conta a Receber', 'Recorrente', 'Descrição 334', '491.40', '491.40', '2024-07-27', 2024-07-27, '48', '9'),
('Conta a Pagar', 'Recorrente', 'Descrição 335', '284.63', '281.28', '2024-06-19', NULL, '25', '1'),
('Conta a Pagar', 'Abertas', 'Descrição 336', '909.38', '573.01', '2024-10-23', NULL, '29', '1'),
('Conta a Receber', 'Em atraso', 'Descrição 337', '164.39', '164.39', '2024-10-07', 2024-10-07, '77', '9'),
('Conta a Pagar', 'Vencimento Imediato', 'Descrição 338', '438.90', '378.14', '2024-06-19', NULL, '9', '4'),
('Conta a Receber', 'Pendente de pagamento', 'Descrição 339', '429.84', '290.99', '2024-07-03', NULL, '2', '7'),
('Conta a Receber', 'Pago', 'Descrição 340', '556.43', '556.43', '2024-06-06', 2024-06-06, '50', '1'),
('Conta a Receber', 'Vencimento Imediato', 'Descrição 341', '790.15', '790.15', '2024-11-03', 2024-11-03, '88', '10'),
('Conta a Receber', 'Abertas', 'Descrição 342', '482.68', '204.05', '2024-07-18', NULL, '53', '1'),
('Conta a Pagar', 'Pendente de pagamento', 'Descrição 343', '577.36', '476.49', '2024-03-19', NULL, '46', '6'),
('Conta a Receber', 'Recorrente', 'Descrição 344', '528.93', '194.24', '2024-01-04', NULL, '35', '2'),
('Conta a Pagar', 'Abertas', 'Descrição 345', '366.34', '366.34', '2024-01-18', 2024-01-18, '20', '9'),
('Conta a Receber', 'Em atraso', 'Descrição 346', '181.96', '3.21', '2024-06-01', NULL, '87', '8'),
('Conta a Receber', 'Pendente de pagamento', 'Descrição 347', '170.43', '22.22', '2024-04-17', NULL, '30', '4'),
('Conta a Receber', 'Pendente de pagamento', 'Descrição 348', '297.79', '297.79', '2024-05-30', 2024-05-30, '15', '10'),
('Conta a Receber', 'Parcelado', 'Descrição 349', '400.22', '86.10', '2024-06-03', NULL, '89', '5'),
('Conta a Receber', 'Em atraso', 'Descrição 350', '930.77', '339.40', '2024-04-19', NULL, '96', '2'),
('Conta a Receber', 'Em atraso', 'Descrição 351', '641.86', '641.86', '2024-04-01', 2024-04-01, '53', '8'),
('Conta a Receber', 'Em atraso', 'Descrição 352', '895.86', '635.05', '2024-07-25', NULL, '16', '2'),
('Conta a Pagar', 'Vencimento Imediato', 'Descrição 353', '155.63', '155.63', '2024-03-14', 2024-03-14, '92', '8'),
('Conta a Receber', 'Vencimento Imediato', 'Descrição 354', '513.07', '513.07', '2024-09-24', 2024-09-24, '7', '10'),
('Conta a Pagar', 'Pendente de pagamento', 'Descrição 355', '706.40', '5.70', '2024-03-25', NULL, '85', '3'),
('Conta a Pagar', 'Parcelado', 'Descrição 356', '128.63', '128.63', '2024-02-26', 2024-02-26, '87', '6'),
('Conta a Pagar', 'Abertas', 'Descrição 357', '419.84', '419.84', '2024-11-01', 2024-11-01, '75', '5'),
('Conta a Pagar', 'Parcelado', 'Descrição 358', '516.09', '516.09', '2024-07-12', 2024-07-12, '53', '9'),
('Conta a Receber', 'Em atraso', 'Descrição 359', '338.46', '187.75', '2024-05-24', NULL, '9', '9'),
('Conta a Pagar', 'Pago', 'Descrição 360', '331.20', '331.20', '2024-04-02', 2024-04-02, '72', '9'),
('Conta a Pagar', 'Em atraso', 'Descrição 361', '244.64', '244.64', '2024-04-25', 2024-04-25, '76', '7'),
('Conta a Pagar', 'Parcelado', 'Descrição 362', '975.83', '921.36', '2024-04-30', NULL, '61', '8'),
('Conta a Pagar', 'Vencimento Imediato', 'Descrição 363', '646.26', '646.26', '2024-01-15', 2024-01-15, '82', '7'),
('Conta a Receber', 'Recorrente', 'Descrição 364', '332.27', '157.38', '2024-04-30', NULL, '68', '4'),
('Conta a Receber', 'Parcelado', 'Descrição 365', '884.60', '246.90', '2024-08-10', NULL, '44', '5'),
('Conta a Pagar', 'Pago', 'Descrição 366', '624.42', '624.42', '2024-06-04', 2024-06-04, '18', '1'),
('Conta a Receber', 'Recorrente', 'Descrição 367', '761.16', '761.16', '2024-08-25', 2024-08-25, '42', '9'),
('Conta a Pagar', 'Em atraso', 'Descrição 368', '971.78', '164.92', '2024-02-19', NULL, '26', '1'),
('Conta a Pagar', 'Parcelado', 'Descrição 369', '462.25', '355.20', '2024-08-27', NULL, '14', '4'),
('Conta a Pagar', 'Abertas', 'Descrição 370', '853.99', '853.99', '2024-08-17', 2024-08-17, '85', '7'),
('Conta a Pagar', 'Pendente de pagamento', 'Descrição 371', '446.69', '168.33', '2024-10-05', NULL, '7', '5'),
('Conta a Pagar', 'Recorrente', 'Descrição 372', '927.55', '927.55', '2024-01-12', 2024-01-12, '14', '5'),
('Conta a Receber', 'Abertas', 'Descrição 373', '136.56', '136.56', '2024-10-11', 2024-10-11, '48', '4'),
('Conta a Receber', 'Pago', 'Descrição 374', '115.02', '17.99', '2024-10-09', NULL, '50', '1'),
('Conta a Receber', 'Abertas', 'Descrição 375', '767.59', '274.87', '2024-05-22', NULL, '98', '5'),
('Conta a Pagar', 'Em atraso', 'Descrição 376', '662.34', '428.02', '2024-01-16', NULL, '35', '5'),
('Conta a Pagar', 'Abertas', 'Descrição 377', '287.65', '287.65', '2024-10-07', 2024-10-07, '79', '3'),
('Conta a Receber', 'Recorrente', 'Descrição 378', '886.26', '886.26', '2024-03-07', 2024-03-07, '49', '4'),
('Conta a Receber', 'Parcelado', 'Descrição 379', '771.81', '771.81', '2024-02-16', 2024-02-16, '74', '10'),
('Conta a Pagar', 'Abertas', 'Descrição 380', '458.93', '458.93', '2024-09-14', 2024-09-14, '2', '1'),
('Conta a Pagar', 'Parcelado', 'Descrição 381', '559.47', '80.72', '2024-11-29', NULL, '91', '3'),
('Conta a Receber', 'Parcelado', 'Descrição 382', '110.71', '110.71', '2024-02-25', 2024-02-25, '66', '8'),
('Conta a Pagar', 'Parcelado', 'Descrição 383', '159.40', '143.24', '2024-03-27', NULL, '96', '7'),
('Conta a Receber', 'Em atraso', 'Descrição 384', '842.16', '526.23', '2024-05-05', NULL, '28', '6'),
('Conta a Pagar', 'Recorrente', 'Descrição 385', '646.18', '646.18', '2024-08-24', 2024-08-24, '2', '4'),
('Conta a Pagar', 'Recorrente', 'Descrição 386', '550.34', '316.71', '2024-03-21', NULL, '98', '8'),
('Conta a Receber', 'Abertas', 'Descrição 387', '974.70', '974.70', '2024-01-07', 2024-01-07, '70', '3'),
('Conta a Pagar', 'Recorrente', 'Descrição 388', '939.94', '939.94', '2024-09-13', 2024-09-13, '53', '4'),
('Conta a Receber', 'Parcelado', 'Descrição 389', '508.82', '508.82', '2024-07-03', 2024-07-03, '19', '9'),
('Conta a Pagar', 'Vencimento Imediato', 'Descrição 390', '692.14', '45.63', '2024-02-13', NULL, '51', '5'),
('Conta a Receber', 'Pendente de pagamento', 'Descrição 391', '455.11', '455.11', '2024-10-12', 2024-10-12, '18', '4'),
('Conta a Receber', 'Em atraso', 'Descrição 392', '371.19', '305.14', '2024-09-24', NULL, '76', '7'),
('Conta a Pagar', 'Abertas', 'Descrição 393', '713.29', '713.29', '2024-04-03', 2024-04-03, '64', '4'),
('Conta a Pagar', 'Pendente de pagamento', 'Descrição 394', '666.71', '666.71', '2024-06-22', 2024-06-22, '45', '8'),
('Conta a Pagar', 'Recorrente', 'Descrição 395', '631.64', '288.64', '2024-11-25', NULL, '68', '6'),
('Conta a Pagar', 'Vencimento Imediato', 'Descrição 396', '404.65', '404.65', '2024-08-07', 2024-08-07, '10', '6'),
('Conta a Receber', 'Vencimento Imediato', 'Descrição 397', '132.74', '132.74', '2024-11-23', 2024-11-23, '32', '2'),
('Conta a Receber', 'Em atraso', 'Descrição 398', '578.20', '578.20', '2024-11-05', 2024-11-05, '43', '8'),
('Conta a Pagar', 'Parcelado', 'Descrição 399', '574.65', '574.65', '2024-11-23', 2024-11-23, '58', '3'),
('Conta a Pagar', 'Abertas', 'Descrição 400', '429.90', '162.55', '2024-01-18', NULL, '63', '3'),
('Conta a Pagar', 'Em atraso', 'Descrição 401', '262.00', '76.89', '2024-08-11', NULL, '33', '1'),
('Conta a Receber', 'Vencimento Imediato', 'Descrição 402', '306.61', '306.61', '2024-06-08', 2024-06-08, '86', '4'),
('Conta a Pagar', 'Recorrente', 'Descrição 403', '716.86', '695.36', '2024-05-31', NULL, '23', '3'),
('Conta a Receber', 'Pendente de pagamento', 'Descrição 404', '539.34', '539.34', '2024-05-08', 2024-05-08, '11', '9'),
('Conta a Receber', 'Em atraso', 'Descrição 405', '849.79', '849.79', '2024-02-13', 2024-02-13, '44', '8'),
('Conta a Pagar', 'Pendente de pagamento', 'Descrição 406', '521.99', '405.30', '2024-12-02', NULL, '75', '10'),
('Conta a Receber', 'Recorrente', 'Descrição 407', '436.03', '436.03', '2024-01-18', 2024-01-18, '33', '10'),
('Conta a Pagar', 'Pago', 'Descrição 408', '404.23', '174.78', '2024-05-29', NULL, '90', '9'),
('Conta a Receber', 'Pendente de pagamento', 'Descrição 409', '451.76', '451.76', '2024-06-12', 2024-06-12, '84', '9'),
('Conta a Receber', 'Pendente de pagamento', 'Descrição 410', '385.77', '385.77', '2024-12-23', 2024-12-23, '9', '8'),
('Conta a Pagar', 'Recorrente', 'Descrição 411', '945.77', '275.69', '2024-03-27', NULL, '59', '10'),
('Conta a Receber', 'Recorrente', 'Descrição 412', '952.62', '952.62', '2024-06-27', 2024-06-27, '48', '4'),
('Conta a Pagar', 'Abertas', 'Descrição 413', '543.41', '543.41', '2024-10-11', 2024-10-11, '96', '4'),
('Conta a Receber', 'Parcelado', 'Descrição 414', '438.65', '53.99', '2024-12-15', NULL, '73', '4'),
('Conta a Pagar', 'Pendente de pagamento', 'Descrição 415', '955.07', '955.07', '2024-01-17', 2024-01-17, '9', '2'),
('Conta a Receber', 'Vencimento Imediato', 'Descrição 416', '476.48', '476.48', '2024-02-07', 2024-02-07, '35', '9'),
('Conta a Pagar', 'Pago', 'Descrição 417', '474.94', '144.84', '2024-04-09', NULL, '83', '8'),
('Conta a Receber', 'Vencimento Imediato', 'Descrição 418', '598.41', '598.41', '2024-07-16', 2024-07-16, '63', '6'),
('Conta a Pagar', 'Em atraso', 'Descrição 419', '137.10', '101.06', '2024-03-10', NULL, '88', '2'),
('Conta a Pagar', 'Abertas', 'Descrição 420', '305.38', '110.31', '2024-05-27', NULL, '44', '7'),
('Conta a Pagar', 'Pendente de pagamento', 'Descrição 421', '859.38', '320.59', '2024-06-21', NULL, '91', '8'),
('Conta a Pagar', 'Pendente de pagamento', 'Descrição 422', '946.35', '946.35', '2024-03-25', 2024-03-25, '4', '1'),
('Conta a Pagar', 'Recorrente', 'Descrição 423', '705.97', '104.48', '2024-02-18', NULL, '22', '7'),
('Conta a Receber', 'Parcelado', 'Descrição 424', '351.45', '351.45', '2024-01-13', 2024-01-13, '53', '4'),
('Conta a Receber', 'Pago', 'Descrição 425', '200.48', '184.75', '2024-02-15', NULL, '16', '4'),
('Conta a Pagar', 'Parcelado', 'Descrição 426', '310.66', '176.97', '2024-08-08', NULL, '41', '1'),
('Conta a Receber', 'Abertas', 'Descrição 427', '173.15', '173.15', '2024-03-26', 2024-03-26, '24', '10'),
('Conta a Receber', 'Vencimento Imediato', 'Descrição 428', '781.84', '233.81', '2024-09-14', NULL, '54', '7'),
('Conta a Receber', 'Vencimento Imediato', 'Descrição 429', '553.91', '553.91', '2024-03-14', 2024-03-14, '30', '5'),
('Conta a Pagar', 'Pendente de pagamento', 'Descrição 430', '956.90', '849.73', '2024-02-24', NULL, '2', '8'),
('Conta a Pagar', 'Recorrente', 'Descrição 431', '871.29', '871.29', '2024-10-03', 2024-10-03, '48', '10'),
('Conta a Receber', 'Vencimento Imediato', 'Descrição 432', '375.45', '134.55', '2024-05-24', NULL, '42', '3'),
('Conta a Pagar', 'Pendente de pagamento', 'Descrição 433', '645.29', '645.29', '2024-11-09', 2024-11-09, '26', '5'),
('Conta a Receber', 'Parcelado', 'Descrição 434', '596.17', '587.08', '2024-12-15', NULL, '78', '7'),
('Conta a Receber', 'Pago', 'Descrição 435', '276.75', '148.97', '2024-05-21', NULL, '8', '2'),
('Conta a Pagar', 'Pendente de pagamento', 'Descrição 436', '860.51', '629.95', '2024-05-13', NULL, '52', '2'),
('Conta a Pagar', 'Recorrente', 'Descrição 437', '882.23', '625.89', '2024-12-20', NULL, '53', '7'),
('Conta a Receber', 'Vencimento Imediato', 'Descrição 438', '165.55', '165.55', '2024-03-08', 2024-03-08, '81', '9'),
('Conta a Pagar', 'Em atraso', 'Descrição 439', '881.29', '881.29', '2024-06-21', 2024-06-21, '40', '2'),
('Conta a Pagar', 'Em atraso', 'Descrição 440', '767.83', '349.64', '2024-01-22', NULL, '80', '9'),
('Conta a Pagar', 'Abertas', 'Descrição 441', '899.33', '175.02', '2024-02-03', NULL, '10', '9'),
('Conta a Pagar', 'Em atraso', 'Descrição 442', '446.59', '176.75', '2024-07-27', NULL, '54', '2'),
('Conta a Pagar', 'Parcelado', 'Descrição 443', '542.75', '542.75', '2024-04-10', 2024-04-10, '23', '8'),
('Conta a Receber', 'Pago', 'Descrição 444', '479.05', '243.71', '2024-05-03', NULL, '63', '7'),
('Conta a Receber', 'Abertas', 'Descrição 445', '982.52', '982.52', '2024-01-29', 2024-01-29, '31', '8'),
('Conta a Receber', 'Em atraso', 'Descrição 446', '320.88', '164.49', '2024-02-02', NULL, '18', '10'),
('Conta a Receber', 'Abertas', 'Descrição 447', '191.25', '156.60', '2024-10-11', NULL, '57', '9'),
('Conta a Receber', 'Parcelado', 'Descrição 448', '581.62', '581.62', '2024-02-15', 2024-02-15, '82', '1'),
('Conta a Pagar', 'Pago', 'Descrição 449', '103.25', '103.25', '2024-02-09', 2024-02-09, '17', '1'),
('Conta a Receber', 'Em atraso', 'Descrição 450', '874.22', '874.22', '2024-04-06', 2024-04-06, '86', '10'),
('Conta a Receber', 'Recorrente', 'Descrição 451', '391.33', '391.33', '2024-09-03', 2024-09-03, '98', '5'),
('Conta a Receber', 'Parcelado', 'Descrição 452', '919.09', '919.09', '2024-07-28', 2024-07-28, '23', '6'),
('Conta a Receber', 'Vencimento Imediato', 'Descrição 453', '570.69', '113.87', '2024-11-06', NULL, '83', '7'),
('Conta a Receber', 'Em atraso', 'Descrição 454', '197.57', '33.78', '2024-08-04', NULL, '84', '7'),
('Conta a Pagar', 'Recorrente', 'Descrição 455', '202.35', '202.35', '2024-05-24', 2024-05-24, '78', '1'),
('Conta a Pagar', 'Recorrente', 'Descrição 456', '115.58', '115.58', '2024-05-23', 2024-05-23, '31', '4'),
('Conta a Pagar', 'Vencimento Imediato', 'Descrição 457', '848.82', '848.82', '2024-11-17', 2024-11-17, '18', '7'),
('Conta a Pagar', 'Recorrente', 'Descrição 458', '531.05', '531.05', '2024-01-04', 2024-01-04, '12', '2'),
('Conta a Receber', 'Em atraso', 'Descrição 459', '482.02', '128.21', '2024-03-25', NULL, '48', '8'),
('Conta a Pagar', 'Em atraso', 'Descrição 460', '189.77', '189.77', '2024-08-22', 2024-08-22, '96', '10'),
('Conta a Receber', 'Pendente de pagamento', 'Descrição 461', '773.79', '129.51', '2024-11-30', NULL, '41', '7'),
('Conta a Receber', 'Pago', 'Descrição 462', '810.47', '699.46', '2024-07-03', NULL, '49', '2'),
('Conta a Receber', 'Pendente de pagamento', 'Descrição 463', '766.78', '766.78', '2024-12-23', 2024-12-23, '85', '7'),
('Conta a Receber', 'Abertas', 'Descrição 464', '285.42', '285.42', '2024-10-25', 2024-10-25, '44', '6'),
('Conta a Receber', 'Abertas', 'Descrição 465', '722.73', '578.85', '2024-08-17', NULL, '6', '9'),
('Conta a Receber', 'Vencimento Imediato', 'Descrição 466', '693.86', '123.16', '2024-08-19', NULL, '91', '6'),
('Conta a Pagar', 'Vencimento Imediato', 'Descrição 467', '825.93', '231.51', '2024-08-15', NULL, '24', '5'),
('Conta a Receber', 'Pago', 'Descrição 468', '153.03', '7.81', '2024-03-15', NULL, '63', '3'),
('Conta a Pagar', 'Abertas', 'Descrição 469', '757.89', '757.89', '2024-02-28', 2024-02-28, '30', '1'),
('Conta a Pagar', 'Pago', 'Descrição 470', '289.22', '150.82', '2024-10-16', NULL, '6', '5'),
('Conta a Pagar', 'Pendente de pagamento', 'Descrição 471', '888.11', '641.93', '2024-03-24', NULL, '71', '8'),
('Conta a Receber', 'Recorrente', 'Descrição 472', '801.29', '801.29', '2024-11-06', 2024-11-06, '7', '6'),
('Conta a Pagar', 'Abertas', 'Descrição 473', '335.38', '124.44', '2024-07-13', NULL, '58', '10'),
('Conta a Pagar', 'Em atraso', 'Descrição 474', '554.45', '181.37', '2024-02-29', NULL, '37', '9'),
('Conta a Receber', 'Parcelado', 'Descrição 475', '989.56', '989.56', '2024-07-05', 2024-07-05, '36', '8'),
('Conta a Pagar', 'Recorrente', 'Descrição 476', '629.58', '629.58', '2024-07-03', 2024-07-03, '3', '5'),
('Conta a Receber', 'Em atraso', 'Descrição 477', '863.59', '573.45', '2024-05-31', NULL, '8', '1'),
('Conta a Pagar', 'Recorrente', 'Descrição 478', '372.27', '128.79', '2024-03-31', NULL, '44', '8'),
('Conta a Receber', 'Recorrente', 'Descrição 479', '653.47', '275.51', '2024-03-08', NULL, '21', '8'),
('Conta a Receber', 'Parcelado', 'Descrição 480', '256.57', '256.57', '2024-09-16', 2024-09-16, '77', '6'),
('Conta a Pagar', 'Vencimento Imediato', 'Descrição 481', '756.30', '756.30', '2024-09-29', 2024-09-29, '54', '7'),
('Conta a Pagar', 'Parcelado', 'Descrição 482', '916.43', '824.31', '2024-04-19', NULL, '36', '2'),
('Conta a Receber', 'Abertas', 'Descrição 483', '162.72', '162.72', '2024-06-19', 2024-06-19, '3', '10'),
('Conta a Pagar', 'Parcelado', 'Descrição 484', '562.77', '562.77', '2024-12-30', 2024-12-30, '23', '1'),
('Conta a Pagar', 'Pendente de pagamento', 'Descrição 485', '917.23', '917.23', '2024-08-27', 2024-08-27, '12', '9'),
('Conta a Pagar', 'Pago', 'Descrição 486', '699.34', '670.03', '2024-05-04', NULL, '56', '9'),
('Conta a Receber', 'Recorrente', 'Descrição 487', '600.49', '600.49', '2024-04-18', 2024-04-18, '48', '8'),
('Conta a Receber', 'Abertas', 'Descrição 488', '453.49', '453.49', '2024-06-29', 2024-06-29, '13', '6'),
('Conta a Pagar', 'Parcelado', 'Descrição 489', '736.62', '142.84', '2024-11-12', NULL, '45', '10'),
('Conta a Pagar', 'Em atraso', 'Descrição 490', '388.50', '94.25', '2024-05-01', NULL, '55', '10'),
('Conta a Receber', 'Abertas', 'Descrição 491', '480.94', '480.94', '2024-02-01', 2024-02-01, '92', '4'),
('Conta a Pagar', 'Pendente de pagamento', 'Descrição 492', '458.67', '89.30', '2024-07-06', NULL, '5', '3'),
('Conta a Receber', 'Pendente de pagamento', 'Descrição 493', '523.89', '523.89', '2024-06-03', 2024-06-03, '53', '9'),
('Conta a Pagar', 'Parcelado', 'Descrição 494', '328.50', '328.50', '2024-05-26', 2024-05-26, '17', '3'),
('Conta a Receber', 'Recorrente', 'Descrição 495', '400.69', '400.69', '2024-02-17', 2024-02-17, '86', '7'),
('Conta a Receber', 'Recorrente', 'Descrição 496', '252.64', '81.37', '2024-01-07', NULL, '58', '7'),
('Conta a Receber', 'Recorrente', 'Descrição 497', '630.64', '630.64', '2024-05-31', 2024-05-31, '44', '1'),
('Conta a Receber', 'Vencimento Imediato', 'Descrição 498', '138.71', '102.77', '2024-08-19', NULL, '32', '8'),
('Conta a Pagar', 'Pendente de pagamento', 'Descrição 499', '864.65', '864.65', '2024-12-08', 2024-12-08, '86', '8'),
('Conta a Receber', 'Pago', 'Descrição 500', '417.62', '417.62', '2024-08-06', 2024-08-06, '69', '10'),
('Conta a Pagar', 'Pendente de pagamento', 'Descrição 501', '201.17', '194.49', '2024-12-10', NULL, '81', '8'),
('Conta a Pagar', 'Recorrente', 'Descrição 502', '835.97', '835.97', '2024-04-19', 2024-04-19, '78', '8'),
('Conta a Pagar', 'Pago', 'Descrição 503', '739.45', '42.35', '2024-01-08', NULL, '22', '9'),
('Conta a Receber', 'Recorrente', 'Descrição 504', '809.97', '809.97', '2024-02-05', 2024-02-05, '79', '4'),
('Conta a Receber', 'Parcelado', 'Descrição 505', '557.95', '557.95', '2024-09-15', 2024-09-15, '49', '10'),
('Conta a Receber', 'Pendente de pagamento', 'Descrição 506', '810.45', '424.35', '2024-08-08', NULL, '17', '3'),
('Conta a Receber', 'Em atraso', 'Descrição 507', '465.32', '465.32', '2024-04-11', 2024-04-11, '50', '9'),
('Conta a Pagar', 'Recorrente', 'Descrição 508', '475.30', '373.82', '2024-10-18', NULL, '55', '9'),
('Conta a Pagar', 'Recorrente', 'Descrição 509', '569.65', '394.44', '2024-02-18', NULL, '72', '2'),
('Conta a Pagar', 'Parcelado', 'Descrição 510', '828.05', '634.73', '2024-06-04', NULL, '4', '7'),
('Conta a Receber', 'Recorrente', 'Descrição 511', '998.73', '998.73', '2024-01-05', 2024-01-05, '52', '3'),
('Conta a Receber', 'Abertas', 'Descrição 512', '455.44', '455.44', '2024-08-29', 2024-08-29, '4', '7'),
('Conta a Receber', 'Parcelado', 'Descrição 513', '878.78', '878.78', '2024-05-09', 2024-05-09, '6', '5'),
('Conta a Receber', 'Recorrente', 'Descrição 514', '982.45', '982.45', '2024-04-24', 2024-04-24, '77', '1'),
('Conta a Receber', 'Em atraso', 'Descrição 515', '269.53', '5.42', '2024-10-01', NULL, '79', '10'),
('Conta a Receber', 'Vencimento Imediato', 'Descrição 516', '593.69', '593.69', '2024-05-04', 2024-05-04, '42', '10'),
('Conta a Receber', 'Parcelado', 'Descrição 517', '307.97', '99.93', '2024-01-08', NULL, '55', '1'),
('Conta a Pagar', 'Em atraso', 'Descrição 518', '564.13', '564.13', '2024-03-24', 2024-03-24, '23', '4'),
('Conta a Receber', 'Recorrente', 'Descrição 519', '249.66', '249.66', '2024-11-23', 2024-11-23, '2', '6'),
('Conta a Receber', 'Parcelado', 'Descrição 520', '657.16', '208.22', '2024-12-19', NULL, '30', '9'),
('Conta a Pagar', 'Parcelado', 'Descrição 521', '801.14', '801.14', '2024-04-29', 2024-04-29, '24', '8'),
('Conta a Receber', 'Vencimento Imediato', 'Descrição 522', '672.19', '672.19', '2024-02-07', 2024-02-07, '59', '9'),
('Conta a Pagar', 'Pago', 'Descrição 523', '693.04', '413.04', '2024-09-24', NULL, '84', '3'),
('Conta a Receber', 'Abertas', 'Descrição 524', '818.96', '28.39', '2024-12-07', NULL, '86', '9'),
('Conta a Receber', 'Abertas', 'Descrição 525', '403.13', '82.25', '2024-05-20', NULL, '28', '8'),
('Conta a Receber', 'Recorrente', 'Descrição 526', '606.71', '606.71', '2024-11-09', 2024-11-09, '88', '1'),
('Conta a Receber', 'Pendente de pagamento', 'Descrição 527', '437.70', '394.02', '2024-08-23', NULL, '4', '6'),
('Conta a Receber', 'Abertas', 'Descrição 528', '765.38', '460.21', '2024-06-03', NULL, '14', '3'),
('Conta a Pagar', 'Pendente de pagamento', 'Descrição 529', '277.64', '277.64', '2024-05-29', 2024-05-29, '76', '4'),
('Conta a Receber', 'Vencimento Imediato', 'Descrição 530', '530.85', '391.29', '2024-05-13', NULL, '69', '8'),
('Conta a Receber', 'Pendente de pagamento', 'Descrição 531', '126.20', '16.18', '2024-11-21', NULL, '53', '4'),
('Conta a Receber', 'Pendente de pagamento', 'Descrição 532', '414.76', '414.76', '2024-09-02', 2024-09-02, '51', '5'),
('Conta a Pagar', 'Recorrente', 'Descrição 533', '512.49', '113.10', '2024-04-25', NULL, '15', '5'),
('Conta a Pagar', 'Vencimento Imediato', 'Descrição 534', '646.52', '646.52', '2024-02-16', 2024-02-16, '36', '9'),
('Conta a Pagar', 'Vencimento Imediato', 'Descrição 535', '938.63', '938.63', '2024-03-25', 2024-03-25, '63', '4'),
('Conta a Receber', 'Pago', 'Descrição 536', '828.44', '828.44', '2024-10-22', 2024-10-22, '91', '5'),
('Conta a Receber', 'Parcelado', 'Descrição 537', '317.64', '161.11', '2024-10-11', NULL, '92', '8'),
('Conta a Receber', 'Recorrente', 'Descrição 538', '513.05', '513.05', '2024-10-04', 2024-10-04, '16', '7'),
('Conta a Pagar', 'Recorrente', 'Descrição 539', '306.28', '290.15', '2024-12-06', NULL, '70', '6'),
('Conta a Pagar', 'Recorrente', 'Descrição 540', '530.55', '229.37', '2024-11-21', NULL, '26', '2'),
('Conta a Pagar', 'Pendente de pagamento', 'Descrição 541', '910.77', '910.77', '2024-07-23', 2024-07-23, '2', '1'),
('Conta a Pagar', 'Vencimento Imediato', 'Descrição 542', '282.66', '108.13', '2024-01-21', NULL, '85', '8'),
('Conta a Pagar', 'Parcelado', 'Descrição 543', '583.18', '583.18', '2024-11-07', 2024-11-07, '11', '8'),
('Conta a Pagar', 'Pago', 'Descrição 544', '665.49', '248.76', '2024-04-06', NULL, '45', '6'),
('Conta a Pagar', 'Vencimento Imediato', 'Descrição 545', '100.39', '82.16', '2024-12-27', NULL, '29', '5'),
('Conta a Receber', 'Vencimento Imediato', 'Descrição 546', '342.15', '171.90', '2024-12-13', NULL, '30', '4'),
('Conta a Receber', 'Abertas', 'Descrição 547', '530.95', '530.95', '2024-09-12', 2024-09-12, '24', '10'),
('Conta a Receber', 'Pago', 'Descrição 548', '850.54', '850.54', '2024-10-23', 2024-10-23, '14', '3'),
('Conta a Pagar', 'Pendente de pagamento', 'Descrição 549', '557.00', '557.00', '2024-09-09', 2024-09-09, '69', '10'),
('Conta a Pagar', 'Pendente de pagamento', 'Descrição 550', '559.06', '476.22', '2024-08-19', NULL, '36', '4'),
('Conta a Pagar', 'Recorrente', 'Descrição 551', '851.70', '851.70', '2024-10-01', 2024-10-01, '12', '2'),
('Conta a Receber', 'Pendente de pagamento', 'Descrição 552', '986.56', '429.35', '2024-03-16', NULL, '4', '10'),
('Conta a Pagar', 'Parcelado', 'Descrição 553', '917.42', '119.24', '2024-11-06', NULL, '21', '6'),
('Conta a Receber', 'Abertas', 'Descrição 554', '662.07', '662.07', '2024-03-30', 2024-03-30, '20', '2'),
('Conta a Pagar', 'Em atraso', 'Descrição 555', '134.47', '42.58', '2024-02-11', NULL, '72', '6'),
('Conta a Receber', 'Em atraso', 'Descrição 556', '244.21', '1.46', '2024-02-03', NULL, '79', '7'),
('Conta a Pagar', 'Abertas', 'Descrição 557', '735.83', '729.11', '2024-12-29', NULL, '6', '9'),
('Conta a Receber', 'Parcelado', 'Descrição 558', '832.09', '510.04', '2024-02-13', NULL, '92', '9'),
('Conta a Pagar', 'Abertas', 'Descrição 559', '565.87', '565.87', '2024-07-13', 2024-07-13, '20', '8'),
('Conta a Pagar', 'Recorrente', 'Descrição 560', '928.56', '734.98', '2024-12-25', NULL, '60', '2'),
('Conta a Pagar', 'Pago', 'Descrição 561', '901.39', '901.39', '2024-08-25', 2024-08-25, '78', '4'),
('Conta a Pagar', 'Vencimento Imediato', 'Descrição 562', '831.47', '831.47', '2024-05-20', 2024-05-20, '31', '7'),
('Conta a Receber', 'Pago', 'Descrição 563', '626.14', '234.32', '2024-11-06', NULL, '37', '6'),
('Conta a Receber', 'Pago', 'Descrição 564', '130.22', '130.22', '2024-02-22', 2024-02-22, '65', '1'),
('Conta a Pagar', 'Em atraso', 'Descrição 565', '848.66', '848.66', '2024-06-23', 2024-06-23, '10', '9'),
('Conta a Pagar', 'Pago', 'Descrição 566', '305.50', '77.42', '2024-03-08', NULL, '40', '1'),
('Conta a Receber', 'Em atraso', 'Descrição 567', '989.08', '989.08', '2024-04-09', 2024-04-09, '6', '2'),
('Conta a Pagar', 'Recorrente', 'Descrição 568', '282.89', '228.36', '2024-01-23', NULL, '71', '5'),
('Conta a Pagar', 'Pendente de pagamento', 'Descrição 569', '690.32', '690.32', '2024-04-14', 2024-04-14, '64', '9'),
('Conta a Pagar', 'Em atraso', 'Descrição 570', '730.26', '730.26', '2024-07-31', 2024-07-31, '96', '10'),
('Conta a Receber', 'Recorrente', 'Descrição 571', '779.83', '192.38', '2024-09-02', NULL, '54', '7'),
('Conta a Receber', 'Abertas', 'Descrição 572', '379.29', '379.29', '2024-09-14', 2024-09-14, '63', '7'),
('Conta a Pagar', 'Vencimento Imediato', 'Descrição 573', '488.22', '488.22', '2024-02-15', 2024-02-15, '80', '5'),
('Conta a Pagar', 'Parcelado', 'Descrição 574', '722.22', '137.01', '2024-12-01', NULL, '26', '8'),
('Conta a Pagar', 'Pago', 'Descrição 575', '256.08', '67.89', '2024-06-17', NULL, '93', '7'),
('Conta a Receber', 'Abertas', 'Descrição 576', '201.77', '201.77', '2024-12-15', 2024-12-15, '23', '10'),
('Conta a Receber', 'Pago', 'Descrição 577', '855.78', '855.78', '2024-02-24', 2024-02-24, '57', '8'),
('Conta a Receber', 'Parcelado', 'Descrição 578', '711.21', '711.21', '2024-02-19', 2024-02-19, '71', '4'),
('Conta a Receber', 'Vencimento Imediato', 'Descrição 579', '617.73', '617.73', '2024-06-11', 2024-06-11, '79', '8'),
('Conta a Receber', 'Recorrente', 'Descrição 580', '947.34', '947.34', '2024-01-10', 2024-01-10, '74', '6'),
('Conta a Pagar', 'Abertas', 'Descrição 581', '629.86', '247.38', '2024-10-24', NULL, '34', '8'),
('Conta a Receber', 'Abertas', 'Descrição 582', '826.58', '518.46', '2024-06-08', NULL, '46', '9'),
('Conta a Pagar', 'Pago', 'Descrição 583', '860.00', '537.38', '2024-03-10', NULL, '47', '2'),
('Conta a Pagar', 'Em atraso', 'Descrição 584', '392.43', '107.79', '2024-11-07', NULL, '45', '3'),
('Conta a Receber', 'Vencimento Imediato', 'Descrição 585', '892.68', '719.34', '2024-12-14', NULL, '67', '1'),
('Conta a Receber', 'Vencimento Imediato', 'Descrição 586', '124.76', '124.76', '2024-08-08', 2024-08-08, '76', '3'),
('Conta a Receber', 'Abertas', 'Descrição 587', '332.78', '212.61', '2024-04-16', NULL, '70', '1'),
('Conta a Receber', 'Parcelado', 'Descrição 588', '833.35', '833.35', '2024-05-10', 2024-05-10, '58', '9'),
('Conta a Pagar', 'Recorrente', 'Descrição 589', '243.88', '243.88', '2024-10-24', 2024-10-24, '92', '2'),
('Conta a Pagar', 'Parcelado', 'Descrição 590', '324.10', '324.10', '2024-08-03', 2024-08-03, '41', '3'),
('Conta a Pagar', 'Pago', 'Descrição 591', '545.98', '545.98', '2024-12-09', 2024-12-09, '3', '8'),
('Conta a Pagar', 'Abertas', 'Descrição 592', '150.32', '150.32', '2024-10-10', 2024-10-10, '78', '8'),
('Conta a Receber', 'Abertas', 'Descrição 593', '742.66', '742.66', '2024-12-06', 2024-12-06, '9', '9'),
('Conta a Pagar', 'Abertas', 'Descrição 594', '513.37', '57.68', '2024-07-07', NULL, '54', '4'),
('Conta a Receber', 'Em atraso', 'Descrição 595', '384.30', '384.30', '2024-03-24', 2024-03-24, '77', '3'),
('Conta a Pagar', 'Em atraso', 'Descrição 596', '917.20', '875.31', '2024-03-05', NULL, '29', '8'),
('Conta a Pagar', 'Em atraso', 'Descrição 597', '123.80', '123.80', '2024-03-27', 2024-03-27, '93', '3'),
('Conta a Pagar', 'Parcelado', 'Descrição 598', '147.08', '29.77', '2024-07-13', NULL, '73', '10'),
('Conta a Receber', 'Pendente de pagamento', 'Descrição 599', '452.41', '36.34', '2024-03-20', NULL, '87', '3'),
('Conta a Receber', 'Abertas', 'Descrição 600', '180.68', '72.90', '2024-02-07', NULL, '46', '4'),
('Conta a Pagar', 'Parcelado', 'Descrição 601', '807.69', '807.69', '2024-05-15', 2024-05-15, '32', '4'),
('Conta a Receber', 'Pendente de pagamento', 'Descrição 602', '483.14', '483.14', '2024-06-16', 2024-06-16, '100', '2'),
('Conta a Receber', 'Em atraso', 'Descrição 603', '543.36', '269.60', '2024-05-19', NULL, '73', '4'),
('Conta a Receber', 'Pendente de pagamento', 'Descrição 604', '739.21', '254.74', '2024-06-02', NULL, '93', '9'),
('Conta a Receber', 'Em atraso', 'Descrição 605', '170.18', '116.77', '2024-03-02', NULL, '12', '9'),
('Conta a Pagar', 'Recorrente', 'Descrição 606', '822.16', '508.95', '2024-04-24', NULL, '30', '10'),
('Conta a Receber', 'Pendente de pagamento', 'Descrição 607', '407.94', '407.94', '2024-05-31', 2024-05-31, '14', '4'),
('Conta a Pagar', 'Pendente de pagamento', 'Descrição 608', '120.35', '42.98', '2024-10-24', NULL, '81', '6'),
('Conta a Receber', 'Pendente de pagamento', 'Descrição 609', '762.69', '762.69', '2024-06-27', 2024-06-27, '30', '3'),
('Conta a Receber', 'Vencimento Imediato', 'Descrição 610', '144.45', '123.12', '2024-05-07', NULL, '16', '1'),
('Conta a Pagar', 'Em atraso', 'Descrição 611', '830.06', '830.06', '2024-01-07', 2024-01-07, '71', '7'),
('Conta a Receber', 'Parcelado', 'Descrição 612', '483.99', '226.06', '2024-06-03', NULL, '76', '6'),
('Conta a Pagar', 'Abertas', 'Descrição 613', '688.94', '155.80', '2024-03-22', NULL, '16', '8'),
('Conta a Pagar', 'Vencimento Imediato', 'Descrição 614', '836.66', '722.59', '2024-11-30', NULL, '90', '3'),
('Conta a Pagar', 'Pendente de pagamento', 'Descrição 615', '241.74', '241.74', '2024-11-16', 2024-11-16, '37', '4'),
('Conta a Pagar', 'Pago', 'Descrição 616', '477.64', '28.60', '2024-02-23', NULL, '25', '7'),
('Conta a Receber', 'Parcelado', 'Descrição 617', '208.10', '55.14', '2024-10-09', NULL, '98', '10'),
('Conta a Pagar', 'Abertas', 'Descrição 618', '500.88', '11.71', '2024-12-24', NULL, '6', '9'),
('Conta a Receber', 'Recorrente', 'Descrição 619', '856.66', '241.28', '2024-08-10', NULL, '77', '10'),
('Conta a Receber', 'Recorrente', 'Descrição 620', '605.72', '605.72', '2024-09-21', 2024-09-21, '33', '2'),
('Conta a Pagar', 'Parcelado', 'Descrição 621', '133.98', '133.98', '2024-09-14', 2024-09-14, '59', '8'),
('Conta a Pagar', 'Recorrente', 'Descrição 622', '222.69', '93.42', '2024-05-03', NULL, '95', '8'),
('Conta a Pagar', 'Pago', 'Descrição 623', '924.74', '656.44', '2024-05-02', NULL, '37', '9'),
('Conta a Receber', 'Em atraso', 'Descrição 624', '197.15', '62.30', '2024-01-29', NULL, '49', '1'),
('Conta a Receber', 'Pago', 'Descrição 625', '709.51', '709.51', '2024-06-27', 2024-06-27, '24', '10'),
('Conta a Receber', 'Pago', 'Descrição 626', '654.86', '654.86', '2024-03-01', 2024-03-01, '14', '7'),
('Conta a Receber', 'Abertas', 'Descrição 627', '766.06', '766.06', '2024-08-14', 2024-08-14, '99', '5'),
('Conta a Receber', 'Pago', 'Descrição 628', '699.19', '666.72', '2024-04-12', NULL, '7', '9'),
('Conta a Pagar', 'Abertas', 'Descrição 629', '166.91', '141.74', '2024-02-09', NULL, '42', '3'),
('Conta a Pagar', 'Abertas', 'Descrição 630', '681.02', '180.48', '2024-02-12', NULL, '53', '8'),
('Conta a Receber', 'Abertas', 'Descrição 631', '324.33', '115.10', '2024-02-14', NULL, '38', '5'),
('Conta a Receber', 'Recorrente', 'Descrição 632', '150.75', '150.75', '2024-04-09', 2024-04-09, '39', '2'),
('Conta a Receber', 'Recorrente', 'Descrição 633', '843.80', '843.80', '2024-05-16', 2024-05-16, '6', '6'),
('Conta a Receber', 'Parcelado', 'Descrição 634', '352.11', '251.13', '2024-07-10', NULL, '55', '5'),
('Conta a Pagar', 'Parcelado', 'Descrição 635', '882.54', '882.54', '2024-04-30', 2024-04-30, '17', '9'),
('Conta a Receber', 'Vencimento Imediato', 'Descrição 636', '228.79', '16.36', '2024-10-19', NULL, '52', '7'),
('Conta a Pagar', 'Pago', 'Descrição 637', '251.65', '251.65', '2024-08-28', 2024-08-28, '11', '9'),
('Conta a Receber', 'Pendente de pagamento', 'Descrição 638', '301.82', '301.82', '2024-12-23', 2024-12-23, '53', '9'),
('Conta a Receber', 'Recorrente', 'Descrição 639', '558.58', '136.19', '2024-03-26', NULL, '17', '7'),
('Conta a Receber', 'Vencimento Imediato', 'Descrição 640', '798.52', '798.52', '2024-09-13', 2024-09-13, '38', '5'),
('Conta a Receber', 'Em atraso', 'Descrição 641', '216.35', '216.35', '2024-10-30', 2024-10-30, '85', '8'),
('Conta a Receber', 'Abertas', 'Descrição 642', '262.88', '262.88', '2024-12-07', 2024-12-07, '7', '3'),
('Conta a Pagar', 'Pago', 'Descrição 643', '674.64', '517.23', '2024-11-02', NULL, '100', '1'),
('Conta a Receber', 'Vencimento Imediato', 'Descrição 644', '303.15', '303.15', '2024-11-23', 2024-11-23, '83', '6'),
('Conta a Pagar', 'Vencimento Imediato', 'Descrição 645', '364.73', '364.73', '2024-10-09', 2024-10-09, '50', '9'),
('Conta a Pagar', 'Pago', 'Descrição 646', '591.93', '591.93', '2024-03-19', 2024-03-19, '61', '6'),
('Conta a Receber', 'Abertas', 'Descrição 647', '819.58', '636.99', '2024-04-10', NULL, '32', '5'),
('Conta a Pagar', 'Em atraso', 'Descrição 648', '221.65', '133.67', '2024-11-10', NULL, '100', '8'),
('Conta a Pagar', 'Pendente de pagamento', 'Descrição 649', '785.83', '126.20', '2024-09-07', NULL, '14', '6'),
('Conta a Receber', 'Abertas', 'Descrição 650', '319.06', '319.06', '2024-01-04', 2024-01-04, '91', '10'),
('Conta a Receber', 'Recorrente', 'Descrição 651', '774.77', '774.77', '2024-04-17', 2024-04-17, '68', '1'),
('Conta a Pagar', 'Pago', 'Descrição 652', '872.44', '872.44', '2024-10-21', 2024-10-21, '25', '6'),
('Conta a Pagar', 'Em atraso', 'Descrição 653', '584.51', '584.51', '2024-04-21', 2024-04-21, '14', '2'),
('Conta a Pagar', 'Pendente de pagamento', 'Descrição 654', '577.92', '577.92', '2024-09-03', 2024-09-03, '54', '6'),
('Conta a Pagar', 'Em atraso', 'Descrição 655', '650.45', '394.66', '2024-09-11', NULL, '61', '3'),
('Conta a Receber', 'Pago', 'Descrição 656', '441.45', '267.17', '2024-11-01', NULL, '42', '8'),
('Conta a Receber', 'Recorrente', 'Descrição 657', '223.01', '107.58', '2024-05-10', NULL, '23', '2'),
('Conta a Receber', 'Recorrente', 'Descrição 658', '568.63', '568.63', '2024-06-18', 2024-06-18, '91', '10'),
('Conta a Pagar', 'Pago', 'Descrição 659', '876.85', '876.85', '2024-12-25', 2024-12-25, '44', '5'),
('Conta a Receber', 'Pago', 'Descrição 660', '800.16', '800.16', '2024-08-03', 2024-08-03, '90', '4'),
('Conta a Receber', 'Pendente de pagamento', 'Descrição 661', '573.25', '249.65', '2024-03-23', NULL, '16', '3'),
('Conta a Pagar', 'Recorrente', 'Descrição 662', '319.43', '319.43', '2024-07-25', 2024-07-25, '5', '8'),
('Conta a Receber', 'Em atraso', 'Descrição 663', '381.35', '381.35', '2024-03-09', 2024-03-09, '13', '2'),
('Conta a Receber', 'Em atraso', 'Descrição 664', '438.55', '438.55', '2024-07-03', 2024-07-03, '73', '3'),
('Conta a Pagar', 'Pago', 'Descrição 665', '237.94', '237.94', '2024-08-16', 2024-08-16, '35', '7'),
('Conta a Receber', 'Abertas', 'Descrição 666', '807.65', '757.11', '2024-08-11', NULL, '75', '6'),
('Conta a Receber', 'Vencimento Imediato', 'Descrição 667', '272.18', '230.90', '2024-11-15', NULL, '81', '4'),
('Conta a Receber', 'Vencimento Imediato', 'Descrição 668', '459.84', '459.84', '2024-10-27', 2024-10-27, '61', '7'),
('Conta a Receber', 'Vencimento Imediato', 'Descrição 669', '965.96', '965.96', '2024-03-28', 2024-03-28, '93', '8'),
('Conta a Pagar', 'Abertas', 'Descrição 670', '907.26', '907.26', '2024-05-15', 2024-05-15, '99', '9'),
('Conta a Pagar', 'Parcelado', 'Descrição 671', '150.53', '150.53', '2024-08-08', 2024-08-08, '15', '5'),
('Conta a Pagar', 'Recorrente', 'Descrição 672', '106.73', '75.84', '2024-07-30', NULL, '14', '10'),
('Conta a Receber', 'Vencimento Imediato', 'Descrição 673', '251.82', '30.77', '2024-03-24', NULL, '99', '1'),
('Conta a Pagar', 'Vencimento Imediato', 'Descrição 674', '233.18', '233.18', '2024-12-06', 2024-12-06, '33', '7'),
('Conta a Pagar', 'Abertas', 'Descrição 675', '590.62', '498.62', '2024-04-02', NULL, '17', '10'),
('Conta a Pagar', 'Em atraso', 'Descrição 676', '287.19', '39.35', '2024-01-27', NULL, '36', '1'),
('Conta a Pagar', 'Pago', 'Descrição 677', '395.72', '395.72', '2024-10-20', 2024-10-20, '28', '9'),
('Conta a Pagar', 'Parcelado', 'Descrição 678', '207.67', '207.67', '2024-11-15', 2024-11-15, '76', '5'),
('Conta a Pagar', 'Abertas', 'Descrição 679', '749.37', '749.37', '2024-06-24', 2024-06-24, '60', '9'),
('Conta a Receber', 'Vencimento Imediato', 'Descrição 680', '883.62', '849.11', '2024-12-09', NULL, '33', '4'),
('Conta a Pagar', 'Vencimento Imediato', 'Descrição 681', '550.57', '550.57', '2024-02-20', 2024-02-20, '59', '4'),
('Conta a Receber', 'Abertas', 'Descrição 682', '297.18', '19.31', '2024-12-03', NULL, '69', '4'),
('Conta a Receber', 'Vencimento Imediato', 'Descrição 683', '265.55', '31.77', '2024-05-23', NULL, '29', '10'),
('Conta a Receber', 'Vencimento Imediato', 'Descrição 684', '600.63', '600.63', '2024-09-17', 2024-09-17, '74', '3'),
('Conta a Pagar', 'Parcelado', 'Descrição 685', '311.04', '311.04', '2024-03-22', 2024-03-22, '79', '10'),
('Conta a Pagar', 'Recorrente', 'Descrição 686', '507.64', '507.64', '2024-02-14', 2024-02-14, '44', '6'),
('Conta a Pagar', 'Em atraso', 'Descrição 687', '984.26', '867.08', '2024-07-14', NULL, '98', '10'),
('Conta a Receber', 'Vencimento Imediato', 'Descrição 688', '685.55', '685.55', '2024-11-20', 2024-11-20, '7', '8'),
('Conta a Receber', 'Recorrente', 'Descrição 689', '127.35', '24.26', '2024-07-27', NULL, '84', '10'),
('Conta a Receber', 'Vencimento Imediato', 'Descrição 690', '490.64', '460.14', '2024-07-10', NULL, '62', '2'),
('Conta a Receber', 'Vencimento Imediato', 'Descrição 691', '334.72', '185.36', '2024-09-13', NULL, '6', '7'),
('Conta a Pagar', 'Pago', 'Descrição 692', '406.36', '150.33', '2024-05-18', NULL, '3', '3'),
('Conta a Pagar', 'Pendente de pagamento', 'Descrição 693', '659.92', '588.72', '2024-12-05', NULL, '87', '10'),
('Conta a Pagar', 'Vencimento Imediato', 'Descrição 694', '252.83', '252.83', '2024-01-15', 2024-01-15, '69', '9'),
('Conta a Pagar', 'Recorrente', 'Descrição 695', '974.49', '974.49', '2024-01-13', 2024-01-13, '4', '6'),
('Conta a Receber', 'Recorrente', 'Descrição 696', '582.97', '491.80', '2024-07-12', NULL, '48', '4'),
('Conta a Pagar', 'Pendente de pagamento', 'Descrição 697', '210.54', '210.54', '2024-04-05', 2024-04-05, '28', '3'),
('Conta a Pagar', 'Recorrente', 'Descrição 698', '799.58', '799.58', '2024-02-17', 2024-02-17, '100', '10'),
('Conta a Pagar', 'Em atraso', 'Descrição 699', '428.08', '428.08', '2024-10-08', 2024-10-08, '1', '1'),
('Conta a Receber', 'Pago', 'Descrição 700', '807.96', '807.96', '2024-01-22', 2024-01-22, '7', '5'),
('Conta a Pagar', 'Em atraso', 'Descrição 701', '155.87', '155.87', '2024-04-16', 2024-04-16, '60', '3'),
('Conta a Receber', 'Em atraso', 'Descrição 702', '755.38', '112.63', '2024-12-16', NULL, '76', '9'),
('Conta a Receber', 'Abertas', 'Descrição 703', '426.97', '426.97', '2024-07-19', 2024-07-19, '66', '9'),
('Conta a Receber', 'Vencimento Imediato', 'Descrição 704', '892.13', '273.91', '2024-02-28', NULL, '4', '3'),
('Conta a Pagar', 'Parcelado', 'Descrição 705', '925.73', '925.73', '2024-04-04', 2024-04-04, '98', '6'),
('Conta a Pagar', 'Pago', 'Descrição 706', '819.40', '439.04', '2024-08-29', NULL, '21', '1'),
('Conta a Receber', 'Pago', 'Descrição 707', '903.97', '903.97', '2024-09-25', 2024-09-25, '7', '6'),
('Conta a Receber', 'Parcelado', 'Descrição 708', '977.67', '977.67', '2024-05-29', 2024-05-29, '25', '2'),
('Conta a Receber', 'Pendente de pagamento', 'Descrição 709', '231.21', '231.21', '2024-10-06', 2024-10-06, '37', '2'),
('Conta a Receber', 'Pago', 'Descrição 710', '360.14', '360.14', '2024-02-10', 2024-02-10, '5', '9'),
('Conta a Pagar', 'Pago', 'Descrição 711', '766.62', '766.62', '2024-03-05', 2024-03-05, '58', '7'),
('Conta a Receber', 'Abertas', 'Descrição 712', '647.94', '641.13', '2024-07-19', NULL, '95', '6'),
('Conta a Pagar', 'Recorrente', 'Descrição 713', '681.40', '681.40', '2024-09-04', 2024-09-04, '63', '10'),
('Conta a Receber', 'Em atraso', 'Descrição 714', '326.66', '326.66', '2024-02-18', 2024-02-18, '98', '4'),
('Conta a Pagar', 'Parcelado', 'Descrição 715', '635.10', '160.80', '2024-02-09', NULL, '97', '1'),
('Conta a Receber', 'Abertas', 'Descrição 716', '185.15', '58.89', '2024-04-11', NULL, '30', '8'),
('Conta a Pagar', 'Pago', 'Descrição 717', '377.21', '1.81', '2024-05-29', NULL, '17', '10'),
('Conta a Receber', 'Pago', 'Descrição 718', '709.70', '253.70', '2024-12-31', NULL, '91', '1'),
('Conta a Pagar', 'Pendente de pagamento', 'Descrição 719', '908.71', '908.71', '2024-02-10', 2024-02-10, '33', '6'),
('Conta a Receber', 'Vencimento Imediato', 'Descrição 720', '241.22', '172.82', '2024-10-28', NULL, '32', '7'),
('Conta a Pagar', 'Em atraso', 'Descrição 721', '495.65', '495.65', '2024-12-03', 2024-12-03, '92', '1'),
('Conta a Receber', 'Vencimento Imediato', 'Descrição 722', '127.99', '127.99', '2024-07-14', 2024-07-14, '7', '8'),
('Conta a Receber', 'Em atraso', 'Descrição 723', '250.82', '250.82', '2024-06-23', 2024-06-23, '70', '9'),
('Conta a Pagar', 'Vencimento Imediato', 'Descrição 724', '276.54', '153.04', '2024-05-02', NULL, '19', '1'),
('Conta a Pagar', 'Vencimento Imediato', 'Descrição 725', '525.62', '392.34', '2024-06-08', NULL, '85', '6'),
('Conta a Pagar', 'Vencimento Imediato', 'Descrição 726', '469.82', '238.38', '2024-02-29', NULL, '53', '5'),
('Conta a Pagar', 'Recorrente', 'Descrição 727', '941.83', '773.38', '2024-04-25', NULL, '77', '8'),
('Conta a Pagar', 'Vencimento Imediato', 'Descrição 728', '502.62', '73.30', '2024-06-02', NULL, '78', '7'),
('Conta a Pagar', 'Pago', 'Descrição 729', '340.39', '340.39', '2024-12-06', 2024-12-06, '37', '4'),
('Conta a Receber', 'Vencimento Imediato', 'Descrição 730', '877.74', '877.74', '2024-08-18', 2024-08-18, '100', '6'),
('Conta a Receber', 'Pago', 'Descrição 731', '497.34', '112.81', '2024-06-13', NULL, '10', '8'),
('Conta a Receber', 'Abertas', 'Descrição 732', '489.55', '489.55', '2024-07-13', 2024-07-13, '51', '2'),
('Conta a Receber', 'Recorrente', 'Descrição 733', '345.95', '345.95', '2024-06-20', 2024-06-20, '10', '10'),
('Conta a Pagar', 'Parcelado', 'Descrição 734', '258.56', '35.42', '2024-09-24', NULL, '37', '4'),
('Conta a Receber', 'Pendente de pagamento', 'Descrição 735', '580.30', '279.65', '2024-01-09', NULL, '2', '1'),
('Conta a Receber', 'Pendente de pagamento', 'Descrição 736', '479.14', '51.21', '2024-05-25', NULL, '10', '5'),
('Conta a Receber', 'Parcelado', 'Descrição 737', '931.41', '931.41', '2024-12-14', 2024-12-14, '40', '9'),
('Conta a Receber', 'Em atraso', 'Descrição 738', '865.20', '787.43', '2024-12-05', NULL, '85', '3'),
('Conta a Pagar', 'Abertas', 'Descrição 739', '286.16', '241.16', '2024-06-03', NULL, '26', '7'),
('Conta a Receber', 'Pago', 'Descrição 740', '389.34', '389.34', '2024-10-03', 2024-10-03, '26', '6'),
('Conta a Receber', 'Em atraso', 'Descrição 741', '307.94', '307.94', '2024-07-01', 2024-07-01, '57', '2'),
('Conta a Receber', 'Pendente de pagamento', 'Descrição 742', '127.98', '127.98', '2024-05-21', 2024-05-21, '45', '7'),
('Conta a Receber', 'Pago', 'Descrição 743', '274.45', '122.66', '2024-07-02', NULL, '14', '4'),
('Conta a Receber', 'Abertas', 'Descrição 744', '858.63', '109.58', '2024-08-23', NULL, '86', '8'),
('Conta a Receber', 'Parcelado', 'Descrição 745', '557.65', '180.50', '2024-04-05', NULL, '14', '9'),
('Conta a Receber', 'Recorrente', 'Descrição 746', '852.93', '852.93', '2024-03-10', 2024-03-10, '25', '2'),
('Conta a Pagar', 'Vencimento Imediato', 'Descrição 747', '738.56', '12.44', '2024-01-28', NULL, '68', '10'),
('Conta a Pagar', 'Vencimento Imediato', 'Descrição 748', '183.72', '183.72', '2024-07-21', 2024-07-21, '68', '6'),
('Conta a Pagar', 'Pago', 'Descrição 749', '361.99', '361.99', '2024-08-29', 2024-08-29, '34', '6'),
('Conta a Pagar', 'Recorrente', 'Descrição 750', '197.76', '197.76', '2024-10-09', 2024-10-09, '21', '10'),
('Conta a Pagar', 'Em atraso', 'Descrição 751', '595.68', '38.25', '2024-04-26', NULL, '19', '4'),
('Conta a Receber', 'Pendente de pagamento', 'Descrição 752', '316.37', '316.37', '2024-03-16', 2024-03-16, '93', '2'),
('Conta a Pagar', 'Pendente de pagamento', 'Descrição 753', '982.15', '982.15', '2024-10-12', 2024-10-12, '35', '5'),
('Conta a Receber', 'Recorrente', 'Descrição 754', '968.86', '968.86', '2024-03-19', 2024-03-19, '48', '10'),
('Conta a Receber', 'Recorrente', 'Descrição 755', '213.03', '213.03', '2024-08-03', 2024-08-03, '82', '10'),
('Conta a Pagar', 'Pendente de pagamento', 'Descrição 756', '514.41', '98.95', '2024-11-10', NULL, '54', '4'),
('Conta a Pagar', 'Vencimento Imediato', 'Descrição 757', '634.62', '115.51', '2024-01-27', NULL, '54', '3'),
('Conta a Pagar', 'Em atraso', 'Descrição 758', '744.18', '270.37', '2024-03-11', NULL, '61', '7'),
('Conta a Receber', 'Em atraso', 'Descrição 759', '993.46', '637.66', '2024-07-28', NULL, '60', '10'),
('Conta a Receber', 'Vencimento Imediato', 'Descrição 760', '607.07', '313.25', '2024-06-04', NULL, '28', '10'),
('Conta a Receber', 'Vencimento Imediato', 'Descrição 761', '117.06', '117.06', '2024-09-10', 2024-09-10, '52', '4'),
('Conta a Pagar', 'Vencimento Imediato', 'Descrição 762', '159.27', '159.27', '2024-06-22', 2024-06-22, '76', '2'),
('Conta a Pagar', 'Recorrente', 'Descrição 763', '891.85', '891.85', '2024-02-18', 2024-02-18, '39', '1'),
('Conta a Receber', 'Abertas', 'Descrição 764', '578.01', '296.37', '2024-07-30', NULL, '9', '1'),
('Conta a Receber', 'Recorrente', 'Descrição 765', '531.82', '531.82', '2024-07-19', 2024-07-19, '24', '10'),
('Conta a Receber', 'Em atraso', 'Descrição 766', '898.06', '396.97', '2024-09-03', NULL, '88', '10'),
('Conta a Receber', 'Parcelado', 'Descrição 767', '874.26', '806.10', '2024-01-06', NULL, '70', '8'),
('Conta a Pagar', 'Pendente de pagamento', 'Descrição 768', '214.52', '214.52', '2024-02-02', 2024-02-02, '62', '6'),
('Conta a Receber', 'Em atraso', 'Descrição 769', '840.31', '837.83', '2024-03-12', NULL, '96', '7'),
('Conta a Receber', 'Em atraso', 'Descrição 770', '822.74', '822.74', '2024-01-31', 2024-01-31, '96', '1'),
('Conta a Receber', 'Em atraso', 'Descrição 771', '179.57', '51.99', '2024-09-01', NULL, '12', '7'),
('Conta a Pagar', 'Abertas', 'Descrição 772', '131.49', '131.49', '2024-06-04', 2024-06-04, '31', '6'),
('Conta a Pagar', 'Pendente de pagamento', 'Descrição 773', '578.33', '41.20', '2024-09-13', NULL, '65', '10'),
('Conta a Receber', 'Abertas', 'Descrição 774', '928.54', '371.01', '2024-02-08', NULL, '54', '4'),
('Conta a Pagar', 'Pendente de pagamento', 'Descrição 775', '108.36', '91.05', '2024-12-14', NULL, '72', '6'),
('Conta a Pagar', 'Pago', 'Descrição 776', '248.00', '241.77', '2024-11-16', NULL, '96', '1'),
('Conta a Pagar', 'Vencimento Imediato', 'Descrição 777', '495.31', '97.20', '2024-03-01', NULL, '58', '3'),
('Conta a Receber', 'Em atraso', 'Descrição 778', '233.35', '82.35', '2024-06-15', NULL, '91', '1'),
('Conta a Receber', 'Em atraso', 'Descrição 779', '499.37', '389.21', '2024-08-22', NULL, '5', '9'),
('Conta a Receber', 'Parcelado', 'Descrição 780', '258.25', '258.25', '2024-09-10', 2024-09-10, '76', '5'),
('Conta a Pagar', 'Em atraso', 'Descrição 781', '506.45', '233.28', '2024-10-25', NULL, '8', '3'),
('Conta a Pagar', 'Pago', 'Descrição 782', '492.21', '302.33', '2024-03-28', NULL, '44', '4'),
('Conta a Pagar', 'Abertas', 'Descrição 783', '269.97', '269.97', '2024-07-11', 2024-07-11, '10', '9'),
('Conta a Receber', 'Parcelado', 'Descrição 784', '117.84', '117.84', '2024-04-17', 2024-04-17, '69', '5'),
('Conta a Receber', 'Parcelado', 'Descrição 785', '318.00', '318.00', '2024-02-19', 2024-02-19, '3', '4'),
('Conta a Receber', 'Parcelado', 'Descrição 786', '169.64', '116.13', '2024-01-03', NULL, '88', '7'),
('Conta a Pagar', 'Em atraso', 'Descrição 787', '490.22', '490.22', '2024-04-12', 2024-04-12, '24', '5'),
('Conta a Pagar', 'Em atraso', 'Descrição 788', '626.36', '529.17', '2024-03-30', NULL, '46', '6'),
('Conta a Receber', 'Pendente de pagamento', 'Descrição 789', '763.22', '592.70', '2024-09-25', NULL, '70', '8'),
('Conta a Pagar', 'Parcelado', 'Descrição 790', '435.32', '259.30', '2024-08-09', NULL, '91', '7'),
('Conta a Receber', 'Abertas', 'Descrição 791', '337.16', '337.16', '2024-08-02', 2024-08-02, '91', '6'),
('Conta a Pagar', 'Abertas', 'Descrição 792', '842.72', '636.71', '2024-05-27', NULL, '49', '5'),
('Conta a Pagar', 'Em atraso', 'Descrição 793', '865.29', '600.73', '2024-07-30', NULL, '36', '7'),
('Conta a Pagar', 'Vencimento Imediato', 'Descrição 794', '907.25', '907.25', '2024-02-14', 2024-02-14, '27', '8'),
('Conta a Receber', 'Abertas', 'Descrição 795', '113.38', '113.38', '2024-06-24', 2024-06-24, '9', '6'),
('Conta a Pagar', 'Vencimento Imediato', 'Descrição 796', '793.45', '355.61', '2024-02-16', NULL, '17', '5'),
('Conta a Pagar', 'Vencimento Imediato', 'Descrição 797', '781.55', '190.41', '2024-08-27', NULL, '53', '3'),
('Conta a Receber', 'Abertas', 'Descrição 798', '386.37', '119.49', '2024-11-22', NULL, '84', '4'),
('Conta a Pagar', 'Vencimento Imediato', 'Descrição 799', '504.90', '504.90', '2024-08-19', 2024-08-19, '62', '9'),
('Conta a Pagar', 'Pago', 'Descrição 800', '329.80', '110.48', '2024-08-22', NULL, '90', '7'),
('Conta a Pagar', 'Em atraso', 'Descrição 801', '370.15', '370.15', '2024-02-11', 2024-02-11, '94', '7'),
('Conta a Pagar', 'Pendente de pagamento', 'Descrição 802', '664.70', '474.70', '2024-03-06', NULL, '76', '2'),
('Conta a Pagar', 'Vencimento Imediato', 'Descrição 803', '121.64', '51.94', '2024-02-24', NULL, '55', '1'),
('Conta a Receber', 'Pendente de pagamento', 'Descrição 804', '593.34', '593.34', '2024-11-04', 2024-11-04, '56', '3'),
('Conta a Pagar', 'Em atraso', 'Descrição 805', '441.32', '441.32', '2024-03-08', 2024-03-08, '68', '4'),
('Conta a Receber', 'Pendente de pagamento', 'Descrição 806', '395.89', '387.44', '2024-06-16', NULL, '35', '7'),
('Conta a Receber', 'Pendente de pagamento', 'Descrição 807', '152.54', '152.54', '2024-08-02', 2024-08-02, '11', '9'),
('Conta a Receber', 'Abertas', 'Descrição 808', '957.35', '957.35', '2024-08-14', 2024-08-14, '15', '1'),
('Conta a Pagar', 'Abertas', 'Descrição 809', '966.22', '880.06', '2024-10-17', NULL, '80', '9'),
('Conta a Receber', 'Vencimento Imediato', 'Descrição 810', '197.31', '197.31', '2024-08-14', 2024-08-14, '100', '8'),
('Conta a Pagar', 'Pago', 'Descrição 811', '346.38', '346.38', '2024-07-12', 2024-07-12, '22', '4'),
('Conta a Pagar', 'Recorrente', 'Descrição 812', '838.65', '838.65', '2024-03-07', 2024-03-07, '78', '10'),
('Conta a Pagar', 'Vencimento Imediato', 'Descrição 813', '982.62', '982.62', '2024-09-10', 2024-09-10, '93', '9'),
('Conta a Receber', 'Abertas', 'Descrição 814', '201.94', '201.94', '2024-12-03', 2024-12-03, '52', '5'),
('Conta a Receber', 'Vencimento Imediato', 'Descrição 815', '497.35', '497.35', '2024-02-23', 2024-02-23, '18', '8'),
('Conta a Pagar', 'Em atraso', 'Descrição 816', '424.50', '424.50', '2024-06-28', 2024-06-28, '75', '7'),
('Conta a Pagar', 'Em atraso', 'Descrição 817', '917.99', '105.92', '2024-09-28', NULL, '24', '9'),
('Conta a Receber', 'Abertas', 'Descrição 818', '860.05', '860.05', '2024-11-11', 2024-11-11, '4', '9'),
('Conta a Pagar', 'Abertas', 'Descrição 819', '810.97', '36.92', '2024-09-19', NULL, '80', '1'),
('Conta a Pagar', 'Pendente de pagamento', 'Descrição 820', '803.93', '28.27', '2024-05-24', NULL, '56', '5'),
('Conta a Pagar', 'Pago', 'Descrição 821', '873.95', '424.36', '2024-10-24', NULL, '69', '7'),
('Conta a Pagar', 'Recorrente', 'Descrição 822', '499.99', '499.99', '2024-03-02', 2024-03-02, '7', '5'),
('Conta a Receber', 'Em atraso', 'Descrição 823', '817.47', '670.45', '2024-02-22', NULL, '61', '8'),
('Conta a Pagar', 'Parcelado', 'Descrição 824', '957.69', '215.45', '2024-09-07', NULL, '19', '3'),
('Conta a Pagar', 'Recorrente', 'Descrição 825', '898.10', '898.10', '2024-09-26', 2024-09-26, '75', '5'),
('Conta a Pagar', 'Em atraso', 'Descrição 826', '190.43', '190.43', '2024-09-30', 2024-09-30, '63', '8'),
('Conta a Receber', 'Vencimento Imediato', 'Descrição 827', '410.62', '322.92', '2024-12-16', NULL, '75', '8'),
('Conta a Pagar', 'Pago', 'Descrição 828', '654.07', '654.07', '2024-10-27', 2024-10-27, '19', '1'),
('Conta a Pagar', 'Recorrente', 'Descrição 829', '768.94', '720.68', '2024-04-16', NULL, '35', '10'),
('Conta a Pagar', 'Vencimento Imediato', 'Descrição 830', '107.73', '96.73', '2024-06-03', NULL, '70', '3'),
('Conta a Pagar', 'Vencimento Imediato', 'Descrição 831', '811.85', '436.23', '2024-05-04', NULL, '73', '10'),
('Conta a Receber', 'Vencimento Imediato', 'Descrição 832', '301.23', '121.52', '2024-02-19', NULL, '13', '9'),
('Conta a Pagar', 'Recorrente', 'Descrição 833', '561.20', '561.20', '2024-06-30', 2024-06-30, '12', '9'),
('Conta a Receber', 'Em atraso', 'Descrição 834', '742.00', '742.00', '2024-09-16', 2024-09-16, '67', '6'),
('Conta a Pagar', 'Parcelado', 'Descrição 835', '620.30', '620.30', '2024-01-17', 2024-01-17, '26', '1'),
('Conta a Receber', 'Abertas', 'Descrição 836', '666.52', '666.52', '2024-05-02', 2024-05-02, '98', '2'),
('Conta a Pagar', 'Recorrente', 'Descrição 837', '862.45', '862.45', '2024-07-12', 2024-07-12, '24', '2'),
('Conta a Receber', 'Pendente de pagamento', 'Descrição 838', '101.83', '101.83', '2024-06-02', 2024-06-02, '37', '9'),
('Conta a Receber', 'Pendente de pagamento', 'Descrição 839', '450.44', '223.23', '2024-07-05', NULL, '70', '8'),
('Conta a Receber', 'Vencimento Imediato', 'Descrição 840', '986.84', '986.84', '2024-10-15', 2024-10-15, '81', '2'),
('Conta a Receber', 'Abertas', 'Descrição 841', '817.31', '226.64', '2024-04-25', NULL, '52', '8'),
('Conta a Receber', 'Parcelado', 'Descrição 842', '347.30', '223.89', '2024-04-28', NULL, '83', '2'),
('Conta a Pagar', 'Parcelado', 'Descrição 843', '452.07', '452.07', '2024-09-25', 2024-09-25, '81', '6'),
('Conta a Pagar', 'Em atraso', 'Descrição 844', '699.44', '699.44', '2024-08-19', 2024-08-19, '75', '2'),
('Conta a Receber', 'Parcelado', 'Descrição 845', '154.86', '154.86', '2024-03-30', 2024-03-30, '27', '6'),
('Conta a Pagar', 'Abertas', 'Descrição 846', '868.51', '77.82', '2024-05-09', NULL, '70', '7'),
('Conta a Receber', 'Pendente de pagamento', 'Descrição 847', '251.60', '47.85', '2024-07-30', NULL, '43', '1'),
('Conta a Receber', 'Pendente de pagamento', 'Descrição 848', '141.10', '141.10', '2024-08-21', 2024-08-21, '60', '6'),
('Conta a Pagar', 'Abertas', 'Descrição 849', '222.94', '121.38', '2024-06-22', NULL, '11', '9'),
('Conta a Receber', 'Vencimento Imediato', 'Descrição 850', '819.43', '95.69', '2024-05-07', NULL, '51', '10'),
('Conta a Pagar', 'Em atraso', 'Descrição 851', '689.11', '296.76', '2024-08-16', NULL, '7', '1'),
('Conta a Pagar', 'Em atraso', 'Descrição 852', '649.77', '649.77', '2024-12-18', 2024-12-18, '76', '2'),
('Conta a Pagar', 'Abertas', 'Descrição 853', '161.35', '161.35', '2024-01-05', 2024-01-05, '35', '10'),
('Conta a Receber', 'Pendente de pagamento', 'Descrição 854', '528.61', '528.61', '2024-04-30', 2024-04-30, '81', '8'),
('Conta a Receber', 'Parcelado', 'Descrição 855', '796.74', '423.92', '2024-06-14', NULL, '20', '5'),
('Conta a Pagar', 'Pago', 'Descrição 856', '172.66', '129.17', '2024-07-24', NULL, '47', '7'),
('Conta a Pagar', 'Parcelado', 'Descrição 857', '859.92', '859.92', '2024-07-04', 2024-07-04, '54', '4'),
('Conta a Receber', 'Pago', 'Descrição 858', '152.37', '87.41', '2024-04-07', NULL, '51', '10'),
('Conta a Pagar', 'Recorrente', 'Descrição 859', '931.94', '931.94', '2024-03-23', 2024-03-23, '69', '3'),
('Conta a Receber', 'Pago', 'Descrição 860', '821.27', '821.27', '2024-09-15', 2024-09-15, '53', '9'),
('Conta a Receber', 'Em atraso', 'Descrição 861', '778.87', '778.87', '2024-09-17', 2024-09-17, '48', '6'),
('Conta a Receber', 'Pendente de pagamento', 'Descrição 862', '887.83', '887.83', '2024-12-03', 2024-12-03, '56', '5'),
('Conta a Pagar', 'Pago', 'Descrição 863', '340.44', '52.52', '2024-05-27', NULL, '74', '9'),
('Conta a Receber', 'Pendente de pagamento', 'Descrição 864', '624.34', '624.34', '2024-02-26', 2024-02-26, '58', '8'),
('Conta a Pagar', 'Vencimento Imediato', 'Descrição 865', '787.78', '254.12', '2024-09-18', NULL, '31', '8'),
('Conta a Pagar', 'Abertas', 'Descrição 866', '121.05', '121.05', '2024-07-25', 2024-07-25, '9', '3'),
('Conta a Receber', 'Abertas', 'Descrição 867', '132.00', '68.63', '2024-05-12', NULL, '7', '5'),
('Conta a Pagar', 'Pago', 'Descrição 868', '910.88', '910.88', '2024-08-15', 2024-08-15, '70', '6'),
('Conta a Pagar', 'Em atraso', 'Descrição 869', '734.00', '734.00', '2024-06-17', 2024-06-17, '66', '1'),
('Conta a Pagar', 'Parcelado', 'Descrição 870', '774.83', '774.83', '2024-02-04', 2024-02-04, '14', '2'),
('Conta a Receber', 'Pendente de pagamento', 'Descrição 871', '215.85', '148.63', '2024-04-21', NULL, '30', '6'),
('Conta a Pagar', 'Parcelado', 'Descrição 872', '849.88', '291.33', '2024-04-22', NULL, '69', '3'),
('Conta a Pagar', 'Em atraso', 'Descrição 873', '549.15', '353.39', '2024-01-20', NULL, '58', '6'),
('Conta a Receber', 'Em atraso', 'Descrição 874', '781.44', '781.44', '2024-06-01', 2024-06-01, '50', '4'),
('Conta a Receber', 'Parcelado', 'Descrição 875', '948.77', '773.08', '2024-12-10', NULL, '31', '5'),
('Conta a Pagar', 'Abertas', 'Descrição 876', '764.30', '210.26', '2024-07-04', NULL, '76', '9'),
('Conta a Receber', 'Parcelado', 'Descrição 877', '804.64', '804.64', '2024-10-21', 2024-10-21, '64', '10'),
('Conta a Receber', 'Abertas', 'Descrição 878', '493.91', '493.91', '2024-06-03', 2024-06-03, '90', '9'),
('Conta a Pagar', 'Em atraso', 'Descrição 879', '882.75', '875.29', '2024-12-25', NULL, '35', '9'),
('Conta a Receber', 'Em atraso', 'Descrição 880', '734.99', '734.99', '2024-09-19', 2024-09-19, '51', '6'),
('Conta a Receber', 'Pendente de pagamento', 'Descrição 881', '535.64', '455.56', '2024-06-26', NULL, '43', '2'),
('Conta a Pagar', 'Pendente de pagamento', 'Descrição 882', '747.10', '747.10', '2024-07-31', 2024-07-31, '10', '10'),
('Conta a Pagar', 'Abertas', 'Descrição 883', '954.35', '172.97', '2024-06-19', NULL, '47', '10'),
('Conta a Pagar', 'Recorrente', 'Descrição 884', '508.91', '508.91', '2024-07-29', 2024-07-29, '65', '7'),
('Conta a Pagar', 'Pago', 'Descrição 885', '941.02', '941.02', '2024-06-15', 2024-06-15, '77', '4'),
('Conta a Receber', 'Pendente de pagamento', 'Descrição 886', '243.30', '243.30', '2024-06-21', 2024-06-21, '22', '8'),
('Conta a Pagar', 'Recorrente', 'Descrição 887', '698.43', '127.97', '2024-01-13', NULL, '62', '4'),
('Conta a Pagar', 'Recorrente', 'Descrição 888', '911.48', '374.42', '2024-12-02', NULL, '35', '10'),
('Conta a Pagar', 'Pago', 'Descrição 889', '305.66', '305.66', '2024-02-12', 2024-02-12, '33', '7'),
('Conta a Receber', 'Parcelado', 'Descrição 890', '900.13', '405.04', '2024-08-17', NULL, '47', '9'),
('Conta a Receber', 'Recorrente', 'Descrição 891', '836.07', '836.07', '2024-12-19', 2024-12-19, '97', '1'),
('Conta a Receber', 'Recorrente', 'Descrição 892', '736.70', '736.70', '2024-04-23', 2024-04-23, '75', '1'),
('Conta a Receber', 'Vencimento Imediato', 'Descrição 893', '210.06', '210.06', '2024-05-28', 2024-05-28, '42', '7'),
('Conta a Receber', 'Em atraso', 'Descrição 894', '316.95', '316.95', '2024-02-04', 2024-02-04, '4', '2'),
('Conta a Pagar', 'Parcelado', 'Descrição 895', '573.26', '350.32', '2024-01-04', NULL, '7', '8'),
('Conta a Receber', 'Vencimento Imediato', 'Descrição 896', '943.85', '943.85', '2024-04-16', 2024-04-16, '16', '9'),
('Conta a Receber', 'Pago', 'Descrição 897', '941.66', '440.32', '2024-09-12', NULL, '20', '7'),
('Conta a Receber', 'Parcelado', 'Descrição 898', '533.03', '533.03', '2024-03-28', 2024-03-28, '34', '6'),
('Conta a Receber', 'Recorrente', 'Descrição 899', '939.37', '387.05', '2024-01-09', NULL, '36', '3'),
('Conta a Receber', 'Pendente de pagamento', 'Descrição 900', '241.00', '241.00', '2024-08-19', 2024-08-19, '96', '9'),
('Conta a Receber', 'Recorrente', 'Descrição 901', '432.99', '432.99', '2024-09-18', 2024-09-18, '39', '6'),
('Conta a Pagar', 'Vencimento Imediato', 'Descrição 902', '867.31', '867.31', '2024-06-22', 2024-06-22, '22', '8'),
('Conta a Receber', 'Pendente de pagamento', 'Descrição 903', '519.87', '519.87', '2024-12-06', 2024-12-06, '70', '6'),
('Conta a Receber', 'Recorrente', 'Descrição 904', '463.17', '384.53', '2024-11-28', NULL, '9', '3'),
('Conta a Receber', 'Pago', 'Descrição 905', '962.72', '230.38', '2024-10-29', NULL, '42', '3'),
('Conta a Pagar', 'Pago', 'Descrição 906', '387.83', '387.83', '2024-10-12', 2024-10-12, '16', '9'),
('Conta a Pagar', 'Pago', 'Descrição 907', '503.38', '503.38', '2024-12-13', 2024-12-13, '42', '10'),
('Conta a Pagar', 'Recorrente', 'Descrição 908', '331.34', '331.34', '2024-01-04', 2024-01-04, '85', '7'),
('Conta a Pagar', 'Recorrente', 'Descrição 909', '168.73', '168.73', '2024-07-02', 2024-07-02, '74', '3'),
('Conta a Pagar', 'Parcelado', 'Descrição 910', '830.07', '830.07', '2024-08-24', 2024-08-24, '4', '8'),
('Conta a Receber', 'Vencimento Imediato', 'Descrição 911', '362.20', '362.20', '2024-09-13', 2024-09-13, '81', '9'),
('Conta a Pagar', 'Vencimento Imediato', 'Descrição 912', '129.37', '129.37', '2024-08-06', 2024-08-06, '9', '9'),
('Conta a Pagar', 'Abertas', 'Descrição 913', '715.15', '450.48', '2024-10-20', NULL, '21', '1'),
('Conta a Receber', 'Em atraso', 'Descrição 914', '233.55', '233.55', '2024-11-14', 2024-11-14, '54', '7'),
('Conta a Receber', 'Em atraso', 'Descrição 915', '607.37', '607.37', '2024-02-16', 2024-02-16, '87', '7'),
('Conta a Receber', 'Parcelado', 'Descrição 916', '117.85', '117.85', '2024-11-06', 2024-11-06, '51', '1'),
('Conta a Receber', 'Parcelado', 'Descrição 917', '715.88', '715.88', '2024-11-18', 2024-11-18, '31', '8'),
('Conta a Pagar', 'Vencimento Imediato', 'Descrição 918', '454.46', '454.46', '2024-04-15', 2024-04-15, '65', '5'),
('Conta a Pagar', 'Pendente de pagamento', 'Descrição 919', '245.83', '245.83', '2024-05-04', 2024-05-04, '23', '2'),
('Conta a Receber', 'Abertas', 'Descrição 920', '354.83', '354.83', '2024-02-11', 2024-02-11, '13', '10'),
('Conta a Pagar', 'Pendente de pagamento', 'Descrição 921', '247.20', '219.58', '2024-07-19', NULL, '34', '4'),
('Conta a Pagar', 'Pago', 'Descrição 922', '967.81', '646.00', '2024-07-06', NULL, '2', '5'),
('Conta a Receber', 'Em atraso', 'Descrição 923', '249.27', '181.05', '2024-10-19', NULL, '69', '4'),
('Conta a Receber', 'Parcelado', 'Descrição 924', '500.57', '500.57', '2024-07-08', 2024-07-08, '23', '4'),
('Conta a Receber', 'Abertas', 'Descrição 925', '763.95', '763.95', '2024-01-26', 2024-01-26, '73', '5'),
('Conta a Receber', 'Pago', 'Descrição 926', '525.55', '389.97', '2024-04-13', NULL, '35', '2'),
('Conta a Receber', 'Pendente de pagamento', 'Descrição 927', '759.10', '63.00', '2024-10-01', NULL, '90', '8'),
('Conta a Pagar', 'Pendente de pagamento', 'Descrição 928', '954.94', '840.54', '2024-08-19', NULL, '33', '1'),
('Conta a Receber', 'Parcelado', 'Descrição 929', '311.78', '188.55', '2024-06-11', NULL, '61', '3'),
('Conta a Receber', 'Pago', 'Descrição 930', '696.51', '696.51', '2024-01-09', 2024-01-09, '97', '6'),
('Conta a Receber', 'Parcelado', 'Descrição 931', '999.02', '574.61', '2024-08-17', NULL, '39', '3'),
('Conta a Receber', 'Pago', 'Descrição 932', '642.21', '642.21', '2024-03-24', 2024-03-24, '1', '2'),
('Conta a Receber', 'Parcelado', 'Descrição 933', '710.09', '710.09', '2024-04-19', 2024-04-19, '6', '4'),
('Conta a Receber', 'Em atraso', 'Descrição 934', '213.82', '213.82', '2024-05-06', 2024-05-06, '71', '6'),
('Conta a Pagar', 'Vencimento Imediato', 'Descrição 935', '252.00', '146.64', '2024-01-19', NULL, '73', '9'),
('Conta a Receber', 'Parcelado', 'Descrição 936', '494.67', '494.67', '2024-02-06', 2024-02-06, '99', '1'),
('Conta a Receber', 'Pendente de pagamento', 'Descrição 937', '319.16', '294.58', '2024-04-26', NULL, '64', '3'),
('Conta a Pagar', 'Vencimento Imediato', 'Descrição 938', '313.60', '277.24', '2024-09-02', NULL, '24', '9'),
('Conta a Receber', 'Vencimento Imediato', 'Descrição 939', '842.12', '555.79', '2024-12-30', NULL, '9', '10'),
('Conta a Pagar', 'Em atraso', 'Descrição 940', '944.67', '310.53', '2024-03-16', NULL, '75', '6'),
('Conta a Receber', 'Recorrente', 'Descrição 941', '652.90', '652.90', '2024-01-16', 2024-01-16, '6', '3'),
('Conta a Receber', 'Vencimento Imediato', 'Descrição 942', '656.34', '656.34', '2024-07-03', 2024-07-03, '91', '4'),
('Conta a Pagar', 'Vencimento Imediato', 'Descrição 943', '378.20', '378.20', '2024-12-24', 2024-12-24, '43', '5'),
('Conta a Receber', 'Vencimento Imediato', 'Descrição 944', '885.56', '774.95', '2024-04-25', NULL, '65', '5'),
('Conta a Pagar', 'Recorrente', 'Descrição 945', '230.09', '180.84', '2024-09-23', NULL, '34', '4'),
('Conta a Pagar', 'Em atraso', 'Descrição 946', '216.15', '216.15', '2024-08-13', 2024-08-13, '64', '8'),
('Conta a Receber', 'Abertas', 'Descrição 947', '900.95', '192.41', '2024-11-03', NULL, '81', '6'),
('Conta a Receber', 'Vencimento Imediato', 'Descrição 948', '997.38', '157.35', '2024-04-12', NULL, '12', '6'),
('Conta a Receber', 'Parcelado', 'Descrição 949', '858.51', '858.51', '2024-09-11', 2024-09-11, '66', '10'),
('Conta a Receber', 'Abertas', 'Descrição 950', '378.54', '97.25', '2024-02-11', NULL, '19', '8'),
('Conta a Receber', 'Recorrente', 'Descrição 951', '331.17', '198.71', '2024-02-27', NULL, '22', '1'),
('Conta a Pagar', 'Em atraso', 'Descrição 952', '245.48', '30.42', '2024-12-05', NULL, '12', '3'),
('Conta a Pagar', 'Parcelado', 'Descrição 953', '403.78', '403.78', '2024-03-16', 2024-03-16, '19', '7'),
('Conta a Pagar', 'Recorrente', 'Descrição 954', '567.68', '567.68', '2024-12-13', 2024-12-13, '82', '8'),
('Conta a Receber', 'Abertas', 'Descrição 955', '519.98', '126.18', '2024-02-28', NULL, '20', '8'),
('Conta a Receber', 'Pago', 'Descrição 956', '186.05', '186.05', '2024-05-23', 2024-05-23, '76', '10'),
('Conta a Receber', 'Parcelado', 'Descrição 957', '312.46', '312.46', '2024-07-01', 2024-07-01, '32', '5'),
('Conta a Pagar', 'Vencimento Imediato', 'Descrição 958', '349.18', '349.18', '2024-02-26', 2024-02-26, '76', '2'),
('Conta a Pagar', 'Pendente de pagamento', 'Descrição 959', '373.84', '373.84', '2024-10-31', 2024-10-31, '85', '2'),
('Conta a Receber', 'Vencimento Imediato', 'Descrição 960', '606.56', '606.56', '2024-05-28', 2024-05-28, '79', '10'),
('Conta a Pagar', 'Abertas', 'Descrição 961', '798.44', '798.44', '2024-12-13', 2024-12-13, '34', '4'),
('Conta a Receber', 'Parcelado', 'Descrição 962', '650.95', '650.95', '2024-08-07', 2024-08-07, '62', '5'),
('Conta a Receber', 'Parcelado', 'Descrição 963', '337.32', '54.91', '2024-04-05', NULL, '1', '1'),
('Conta a Receber', 'Recorrente', 'Descrição 964', '469.42', '469.42', '2024-12-26', 2024-12-26, '57', '10'),
('Conta a Pagar', 'Recorrente', 'Descrição 965', '348.51', '348.51', '2024-03-01', 2024-03-01, '29', '2'),
('Conta a Receber', 'Pago', 'Descrição 966', '876.76', '202.23', '2024-10-18', NULL, '86', '6'),
('Conta a Receber', 'Parcelado', 'Descrição 967', '470.13', '248.33', '2024-12-19', NULL, '51', '10'),
('Conta a Pagar', 'Recorrente', 'Descrição 968', '982.13', '982.13', '2024-05-10', 2024-05-10, '4', '1'),
('Conta a Receber', 'Pago', 'Descrição 969', '505.30', '505.30', '2024-10-20', 2024-10-20, '75', '4'),
('Conta a Pagar', 'Recorrente', 'Descrição 970', '271.28', '271.28', '2024-06-02', 2024-06-02, '78', '8'),
('Conta a Receber', 'Vencimento Imediato', 'Descrição 971', '832.50', '832.50', '2024-12-14', 2024-12-14, '42', '2'),
('Conta a Pagar', 'Vencimento Imediato', 'Descrição 972', '541.62', '168.91', '2024-11-02', NULL, '70', '7'),
('Conta a Receber', 'Abertas', 'Descrição 973', '195.95', '195.95', '2024-05-02', 2024-05-02, '33', '7'),
('Conta a Pagar', 'Vencimento Imediato', 'Descrição 974', '516.03', '516.03', '2024-07-29', 2024-07-29, '9', '9'),
('Conta a Pagar', 'Pago', 'Descrição 975', '251.26', '251.26', '2024-02-20', 2024-02-20, '88', '4'),
('Conta a Receber', 'Abertas', 'Descrição 976', '768.00', '223.22', '2024-12-02', NULL, '43', '4'),
('Conta a Receber', 'Em atraso', 'Descrição 977', '790.68', '728.73', '2024-05-31', NULL, '13', '10'),
('Conta a Pagar', 'Parcelado', 'Descrição 978', '450.06', '450.06', '2024-07-26', 2024-07-26, '42', '1'),
('Conta a Pagar', 'Abertas', 'Descrição 979', '661.95', '488.47', '2024-01-27', NULL, '2', '7'),
('Conta a Receber', 'Vencimento Imediato', 'Descrição 980', '905.19', '905.19', '2024-07-28', 2024-07-28, '20', '8'),
('Conta a Receber', 'Abertas', 'Descrição 981', '993.90', '442.68', '2024-07-14', NULL, '70', '4'),
('Conta a Pagar', 'Em atraso', 'Descrição 982', '699.52', '224.08', '2024-10-01', NULL, '19', '9'),
('Conta a Receber', 'Abertas', 'Descrição 983', '990.35', '990.35', '2024-12-23', 2024-12-23, '81', '7'),
('Conta a Pagar', 'Vencimento Imediato', 'Descrição 984', '110.93', '55.80', '2024-08-06', NULL, '18', '2'),
('Conta a Pagar', 'Vencimento Imediato', 'Descrição 985', '540.04', '540.04', '2024-02-08', 2024-02-08, '51', '9'),
('Conta a Pagar', 'Recorrente', 'Descrição 986', '979.18', '322.40', '2024-02-17', NULL, '13', '4'),
('Conta a Pagar', 'Vencimento Imediato', 'Descrição 987', '694.85', '151.59', '2024-09-15', NULL, '94', '8'),
('Conta a Receber', 'Abertas', 'Descrição 988', '183.77', '178.91', '2024-06-25', NULL, '93', '5'),
('Conta a Pagar', 'Pago', 'Descrição 989', '929.21', '929.21', '2024-06-05', 2024-06-05, '4', '6'),
('Conta a Pagar', 'Abertas', 'Descrição 990', '415.43', '4.78', '2024-02-12', NULL, '78', '8'),
('Conta a Pagar', 'Abertas', 'Descrição 991', '974.89', '974.89', '2024-04-04', 2024-04-04, '68', '9'),
('Conta a Pagar', 'Pago', 'Descrição 992', '401.40', '145.51', '2024-01-14', NULL, '90', '9'),
('Conta a Receber', 'Pago', 'Descrição 993', '455.37', '455.37', '2024-07-23', 2024-07-23, '42', '9'),
('Conta a Pagar', 'Pago', 'Descrição 994', '959.16', '392.22', '2024-02-23', NULL, '61', '7'),
('Conta a Pagar', 'Vencimento Imediato', 'Descrição 995', '743.53', '743.53', '2024-04-07', 2024-04-07, '56', '3'),
('Conta a Pagar', 'Pendente de pagamento', 'Descrição 996', '736.42', '736.42', '2024-03-10', 2024-03-10, '86', '5'),
('Conta a Receber', 'Parcelado', 'Descrição 997', '549.10', '549.10', '2024-05-07', 2024-05-07, '55', '9'),
('Conta a Receber', 'Recorrente', 'Descrição 998', '418.29', '418.29', '2024-05-13', 2024-05-13, '37', '10'),
('Conta a Pagar', 'Pago', 'Descrição 999', '815.17', '815.17', '2024-10-29', 2024-10-29, '49', '3'),
('Conta a Pagar', 'Pendente de pagamento', 'Descrição 1000', '796.37', '57.02', '2024-02-15', NULL, '66', '9');
